graph_name,acc,time,macro-avg-f1-score
data_754_features_corr_graph_subgraph1.gpickle,-0.016734574,-0.036729787,0
data_754_features_corr_graph_subgraph10.gpickle,-0.024834482,-0.06350723,1
data_754_features_corr_graph_subgraph100.gpickle,-0.021965861,-0.07609561,2
data_754_features_corr_graph_subgraph101.gpickle,0.010346182,0.000837869,3
data_754_features_corr_graph_subgraph102.gpickle,-0.011234254,-0.015595388,4
data_754_features_corr_graph_subgraph103.gpickle,-0.10563248,-0.17299053,5
data_754_features_corr_graph_subgraph104.gpickle,-0.038858812,-0.07198423,6
data_754_features_corr_graph_subgraph105.gpickle,-0.010622987,-0.020953415,7
data_754_features_corr_graph_subgraph106.gpickle,0.008419075,-0.028704377,8
data_754_features_corr_graph_subgraph107.gpickle,-0.003724942,-0.016664987,9
data_754_features_corr_graph_subgraph108.gpickle,-0.041421898,-0.0902106,10
data_754_features_corr_graph_subgraph109.gpickle,-0.018054169,-0.06087153,11
data_754_features_corr_graph_subgraph11.gpickle,-0.034136496,-0.11016776,12
data_754_features_corr_graph_subgraph110.gpickle,-0.027951691,-0.06926013,13
data_754_features_corr_graph_subgraph111.gpickle,-0.03128917,-0.08108853,14
data_754_features_corr_graph_subgraph112.gpickle,-0.033320334,-0.10516051,15
data_754_features_corr_graph_subgraph113.gpickle,0.020210732,0.032007664,16
data_754_features_corr_graph_subgraph114.gpickle,-0.004324376,-0.011532764,17
data_754_features_corr_graph_subgraph115.gpickle,0.013293965,0.027493645,18
data_754_features_corr_graph_subgraph116.gpickle,0.004213002,-0.012478265,19
data_754_features_corr_graph_subgraph117.gpickle,-0.014876533,-0.036892336,20
data_754_features_corr_graph_subgraph118.gpickle,-0.009770667,-0.022986397,21
data_754_features_corr_graph_subgraph119.gpickle,0.008158713,0.017060127,22
data_754_features_corr_graph_subgraph12.gpickle,0.001463784,-0.010038933,23
data_754_features_corr_graph_subgraph120.gpickle,-0.009974292,-0.029703803,24
data_754_features_corr_graph_subgraph121.gpickle,-0.02733642,-0.09473721,25
data_754_features_corr_graph_subgraph122.gpickle,-0.006208959,-0.04107823,26
data_754_features_corr_graph_subgraph123.gpickle,-0.004406327,-0.007201386,27
data_754_features_corr_graph_subgraph124.gpickle,-0.020229368,-0.06778571,28
data_754_features_corr_graph_subgraph125.gpickle,-0.020567281,-0.02692955,29
data_754_features_corr_graph_subgraph126.gpickle,-0.02163864,-0.024446495,30
data_754_features_corr_graph_subgraph127.gpickle,-0.00219681,0.019791255,31
data_754_features_corr_graph_subgraph128.gpickle,-0.005626305,-0.007270432,32
data_754_features_corr_graph_subgraph129.gpickle,-0.01148495,-0.02852034,33
data_754_features_corr_graph_subgraph13.gpickle,-0.018174956,-0.03631567,34
data_754_features_corr_graph_subgraph130.gpickle,-0.011931095,-0.022992365,35
data_754_features_corr_graph_subgraph131.gpickle,-0.021239538,-0.021731708,36
data_754_features_corr_graph_subgraph132.gpickle,-0.00518902,-0.009433663,37
data_754_features_corr_graph_subgraph133.gpickle,-0.01587141,-0.040546395,38
data_754_features_corr_graph_subgraph134.gpickle,-0.018403668,-0.036768463,39
data_754_features_corr_graph_subgraph135.gpickle,-0.019909762,-0.077413626,40
data_754_features_corr_graph_subgraph136.gpickle,-0.012429,-0.029811976,41
data_754_features_corr_graph_subgraph137.gpickle,-0.030458758,-0.07735217,42
data_754_features_corr_graph_subgraph138.gpickle,-0.006156666,-0.021049693,43
data_754_features_corr_graph_subgraph139.gpickle,-0.06607021,-0.08669198,44
data_754_features_corr_graph_subgraph14.gpickle,-0.002894455,-0.000725334,45
data_754_features_corr_graph_subgraph140.gpickle,-0.007575905,-0.031942196,46
data_754_features_corr_graph_subgraph141.gpickle,-0.014233608,-0.030888498,47
data_754_features_corr_graph_subgraph142.gpickle,-0.083378956,-0.1475111,48
data_754_features_corr_graph_subgraph143.gpickle,0.026393978,0.054972082,49
data_754_features_corr_graph_subgraph144.gpickle,-0.028737608,-0.021231977,50
data_754_features_corr_graph_subgraph145.gpickle,0.002920757,-0.013109061,51
data_754_features_corr_graph_subgraph146.gpickle,0.006953471,0.009505774,52
data_754_features_corr_graph_subgraph147.gpickle,-0.009452712,-0.034821093,53
data_754_features_corr_graph_subgraph148.gpickle,-0.013280707,-0.03080964,54
data_754_features_corr_graph_subgraph149.gpickle,0.004017676,-0.007123056,55
data_754_features_corr_graph_subgraph15.gpickle,-0.018359687,-0.054465514,56
data_754_features_corr_graph_subgraph150.gpickle,0.018375264,0.03368408,57
data_754_features_corr_graph_subgraph151.gpickle,-0.102219366,-0.17758258,58
data_754_features_corr_graph_subgraph152.gpickle,-0.01923059,-0.049583755,59
data_754_features_corr_graph_subgraph153.gpickle,-0.03131755,-0.02454542,60
data_754_features_corr_graph_subgraph154.gpickle,-0.013601433,-0.03993024,61
data_754_features_corr_graph_subgraph155.gpickle,-0.001172997,-0.00318951,62
data_754_features_corr_graph_subgraph156.gpickle,-0.010507841,-0.020112691,63
data_754_features_corr_graph_subgraph157.gpickle,-0.005485022,-0.01931959,64
data_754_features_corr_graph_subgraph158.gpickle,-0.003052245,-0.023926001,65
data_754_features_corr_graph_subgraph159.gpickle,-0.030780138,-0.06452026,66
data_754_features_corr_graph_subgraph16.gpickle,-0.03425909,-0.12061319,67
data_754_features_corr_graph_subgraph160.gpickle,-0.021531854,-0.042913765,68
data_754_features_corr_graph_subgraph161.gpickle,-0.00869276,-0.019179307,69
data_754_features_corr_graph_subgraph162.gpickle,-0.007633003,-0.022650942,70
data_754_features_corr_graph_subgraph163.gpickle,-0.000271919,-0.014130356,71
data_754_features_corr_graph_subgraph164.gpickle,-0.009854004,-0.02739147,72
data_754_features_corr_graph_subgraph165.gpickle,0.002188515,-0.025067363,73
data_754_features_corr_graph_subgraph166.gpickle,-0.007873219,-0.013940962,74
data_754_features_corr_graph_subgraph167.gpickle,-0.010361365,-0.021795996,75
data_754_features_corr_graph_subgraph168.gpickle,-0.004175828,0.001262865,76
data_754_features_corr_graph_subgraph169.gpickle,-0.011049738,-0.039985083,77
data_754_features_corr_graph_subgraph17.gpickle,-0.09386198,-0.21115005,78
data_754_features_corr_graph_subgraph170.gpickle,0.017293856,0.057112154,79
data_754_features_corr_graph_subgraph171.gpickle,0.021375077,0.04764033,80
data_754_features_corr_graph_subgraph172.gpickle,-0.02495349,-0.06461757,81
data_754_features_corr_graph_subgraph173.gpickle,-0.03177115,-0.070135556,82
data_754_features_corr_graph_subgraph174.gpickle,-0.029607592,-0.059018724,83
data_754_features_corr_graph_subgraph175.gpickle,-0.014996917,-0.05530718,84
data_754_features_corr_graph_subgraph176.gpickle,-0.012231091,-0.019969573,85
data_754_features_corr_graph_subgraph177.gpickle,-0.01735617,-0.030668782,86
data_754_features_corr_graph_subgraph178.gpickle,0.002757254,0.004690926,87
data_754_features_corr_graph_subgraph179.gpickle,-0.014540566,-0.024348961,88
data_754_features_corr_graph_subgraph18.gpickle,-0.13292062,-0.13747247,89
data_754_features_corr_graph_subgraph180.gpickle,0.03508918,0.045145057,90
data_754_features_corr_graph_subgraph181.gpickle,-0.013769531,-0.029366879,91
data_754_features_corr_graph_subgraph182.gpickle,0.02329886,0.03471853,92
data_754_features_corr_graph_subgraph183.gpickle,-0.026383415,-0.028507963,93
data_754_features_corr_graph_subgraph184.gpickle,-0.004175452,-0.002592197,94
data_754_features_corr_graph_subgraph185.gpickle,-0.030366888,-0.03942417,95
data_754_features_corr_graph_subgraph186.gpickle,-0.016958015,-0.05096368,96
data_754_features_corr_graph_subgraph187.gpickle,0.004989026,0.04450598,97
data_754_features_corr_graph_subgraph188.gpickle,0.002420505,0.000876279,98
data_754_features_corr_graph_subgraph189.gpickle,-0.033689458,-0.09992084,99
data_754_features_corr_graph_subgraph19.gpickle,-0.039330993,-0.023928052,100
data_754_features_corr_graph_subgraph190.gpickle,-0.016803369,-0.072041854,101
data_754_features_corr_graph_subgraph191.gpickle,-0.026832338,-0.029521905,102
data_754_features_corr_graph_subgraph192.gpickle,-0.027504617,-0.023240356,103
data_754_features_corr_graph_subgraph193.gpickle,-0.005964365,0.011401041,104
data_754_features_corr_graph_subgraph194.gpickle,-0.014464224,-0.032786902,105
data_754_features_corr_graph_subgraph195.gpickle,-0.005019632,-0.030637601,106
data_754_features_corr_graph_subgraph196.gpickle,-0.010721558,-0.029576115,107
data_754_features_corr_graph_subgraph197.gpickle,0.023603173,0.028432839,108
data_754_features_corr_graph_subgraph198.gpickle,-0.004544896,-0.004130015,109
data_754_features_corr_graph_subgraph199.gpickle,0.007215674,-0.002654472,110
data_754_features_corr_graph_subgraph2.gpickle,-0.011420309,-0.03615529,111
data_754_features_corr_graph_subgraph20.gpickle,-0.003769455,-0.016573723,112
data_754_features_corr_graph_subgraph200.gpickle,-0.12519081,-0.15289883,113
data_754_features_corr_graph_subgraph201.gpickle,0.003997926,-0.005216879,114
data_754_features_corr_graph_subgraph202.gpickle,-0.013610614,-0.036099102,115
data_754_features_corr_graph_subgraph203.gpickle,-0.017337212,-0.033283178,116
data_754_features_corr_graph_subgraph204.gpickle,-0.04134335,-0.06886668,117
data_754_features_corr_graph_subgraph205.gpickle,-0.000899026,-0.012348677,118
data_754_features_corr_graph_subgraph206.gpickle,0.044528406,0.070144475,119
data_754_features_corr_graph_subgraph207.gpickle,-0.004946384,-0.013182022,120
data_754_features_corr_graph_subgraph208.gpickle,-0.07394671,-0.16511734,121
data_754_features_corr_graph_subgraph209.gpickle,-0.024901478,-0.056994315,122
data_754_features_corr_graph_subgraph21.gpickle,-0.007712801,-0.031182619,123
data_754_features_corr_graph_subgraph210.gpickle,-0.009916808,-0.03198197,124
data_754_features_corr_graph_subgraph211.gpickle,-0.005677673,-0.028802041,125
data_754_features_corr_graph_subgraph212.gpickle,-0.009947942,-0.00138515,126
data_754_features_corr_graph_subgraph213.gpickle,-0.004256446,0.020181416,127
data_754_features_corr_graph_subgraph214.gpickle,-0.000659012,-0.033386838,128
data_754_features_corr_graph_subgraph215.gpickle,-0.013048907,-0.03224025,129
data_754_features_corr_graph_subgraph216.gpickle,0.039566644,0.06365747,130
data_754_features_corr_graph_subgraph217.gpickle,-0.0316942,-0.06234844,131
data_754_features_corr_graph_subgraph218.gpickle,-0.04982269,-0.14458503,132
data_754_features_corr_graph_subgraph219.gpickle,0.011320459,0.02251298,133
data_754_features_corr_graph_subgraph22.gpickle,-0.028028669,-0.053614255,134
data_754_features_corr_graph_subgraph220.gpickle,-0.001180088,-0.018222203,135
data_754_features_corr_graph_subgraph221.gpickle,-0.005045377,-0.007339365,136
data_754_features_corr_graph_subgraph222.gpickle,-0.008791112,-0.022513535,137
data_754_features_corr_graph_subgraph223.gpickle,-0.029032292,-0.076113656,138
data_754_features_corr_graph_subgraph224.gpickle,0.006352712,0.03711205,139
data_754_features_corr_graph_subgraph225.gpickle,-0.012214121,-0.038213566,140
data_754_features_corr_graph_subgraph226.gpickle,-0.010322484,-0.026893442,141
data_754_features_corr_graph_subgraph227.gpickle,-0.000283393,0.043329693,142
data_754_features_corr_graph_subgraph228.gpickle,-0.004968789,-0.02057343,143
data_754_features_corr_graph_subgraph229.gpickle,0.000677454,0.001608462,144
data_754_features_corr_graph_subgraph23.gpickle,0.010873171,0.018026924,145
data_754_features_corr_graph_subgraph230.gpickle,-0.020228893,-0.04273651,146
data_754_features_corr_graph_subgraph231.gpickle,-0.014402768,-0.000717091,147
data_754_features_corr_graph_subgraph232.gpickle,0.002398651,-0.000356818,148
data_754_features_corr_graph_subgraph233.gpickle,-0.004941026,0.007337349,149
data_754_features_corr_graph_subgraph234.gpickle,-0.030286286,0.021702502,150
data_754_features_corr_graph_subgraph235.gpickle,-0.011816989,-0.026788123,151
data_754_features_corr_graph_subgraph236.gpickle,-0.009568683,-0.030495465,152
data_754_features_corr_graph_subgraph237.gpickle,-0.007973918,-0.018625539,153
data_754_features_corr_graph_subgraph238.gpickle,-0.010255077,-0.030206826,154
data_754_features_corr_graph_subgraph239.gpickle,-0.010670084,-0.019448236,155
data_754_features_corr_graph_subgraph24.gpickle,-0.0264372,-0.026030032,156
data_754_features_corr_graph_subgraph240.gpickle,0.023026908,0.03542479,157
data_754_features_corr_graph_subgraph241.gpickle,0.018769993,0.013828731,158
data_754_features_corr_graph_subgraph242.gpickle,0.024681931,0.04853354,159
data_754_features_corr_graph_subgraph243.gpickle,-0.03160148,-0.0651066,160
data_754_features_corr_graph_subgraph244.gpickle,-0.016512504,-0.03746375,161
data_754_features_corr_graph_subgraph245.gpickle,-0.000546783,0.04401443,162
data_754_features_corr_graph_subgraph246.gpickle,0.02163334,0.036436595,163
data_754_features_corr_graph_subgraph247.gpickle,-0.007979509,-0.038126867,164
data_754_features_corr_graph_subgraph248.gpickle,-0.038290944,-0.11662247,165
data_754_features_corr_graph_subgraph249.gpickle,-0.002060892,0.002791271,166
data_754_features_corr_graph_subgraph25.gpickle,-0.034254953,-0.058600083,167
data_754_features_corr_graph_subgraph250.gpickle,-0.021212034,-0.015991773,168
data_754_features_corr_graph_subgraph251.gpickle,-0.000851591,-0.02164676,169
data_754_features_corr_graph_subgraph252.gpickle,-0.000960611,-0.008992892,170
data_754_features_corr_graph_subgraph253.gpickle,-0.008588339,-0.025952403,171
data_754_features_corr_graph_subgraph254.gpickle,-0.018068673,-0.03042601,172
data_754_features_corr_graph_subgraph255.gpickle,-0.009635985,-0.025557596,173
data_754_features_corr_graph_subgraph256.gpickle,0.001686058,0.003366935,174
data_754_features_corr_graph_subgraph257.gpickle,0.002301815,0.010119852,175
data_754_features_corr_graph_subgraph258.gpickle,0.007535072,0.018374776,176
data_754_features_corr_graph_subgraph259.gpickle,-0.016116986,-0.034088373,177
data_754_features_corr_graph_subgraph26.gpickle,-0.005767886,-0.019970031,178
data_754_features_corr_graph_subgraph260.gpickle,0.003244951,0.003999,179
data_754_features_corr_graph_subgraph261.gpickle,-0.02990289,-0.08019062,180
data_754_features_corr_graph_subgraph262.gpickle,-0.03901305,-0.089155145,181
data_754_features_corr_graph_subgraph263.gpickle,-0.036005378,-0.082606904,182
data_754_features_corr_graph_subgraph264.gpickle,-0.015331943,-0.03051708,183
data_754_features_corr_graph_subgraph265.gpickle,-0.010909726,-0.028102089,184
data_754_features_corr_graph_subgraph266.gpickle,-0.001468257,-0.00679742,185
data_754_features_corr_graph_subgraph267.gpickle,-0.016539708,-0.016252827,186
data_754_features_corr_graph_subgraph268.gpickle,-0.018893939,-0.061665364,187
data_754_features_corr_graph_subgraph269.gpickle,-0.013892061,-0.02054388,188
data_754_features_corr_graph_subgraph27.gpickle,-0.029797653,-0.05602829,189
data_754_features_corr_graph_subgraph270.gpickle,-0.003276894,-0.015071949,190
data_754_features_corr_graph_subgraph271.gpickle,-0.007112658,-0.010935534,191
data_754_features_corr_graph_subgraph272.gpickle,0.010647749,0.033155654,192
data_754_features_corr_graph_subgraph273.gpickle,0.019488871,0.0424021,193
data_754_features_corr_graph_subgraph274.gpickle,0.017545218,0.040187225,194
data_754_features_corr_graph_subgraph275.gpickle,-0.021093415,-0.050242808,195
data_754_features_corr_graph_subgraph276.gpickle,-0.021475842,-0.019747842,196
data_754_features_corr_graph_subgraph277.gpickle,-0.010548393,-0.014021059,197
data_754_features_corr_graph_subgraph278.gpickle,-0.013988403,-0.033083346,198
data_754_features_corr_graph_subgraph279.gpickle,0.001052375,0.002936535,199
data_754_features_corr_graph_subgraph28.gpickle,-0.11799071,-0.22165477,200
data_754_features_corr_graph_subgraph280.gpickle,-0.012625572,-0.038767807,201
data_754_features_corr_graph_subgraph281.gpickle,-0.018453248,-0.056487393,202
data_754_features_corr_graph_subgraph282.gpickle,0.007772555,0.041508798,203
data_754_features_corr_graph_subgraph283.gpickle,-0.02918784,-0.063101895,204
data_754_features_corr_graph_subgraph284.gpickle,-0.004676361,-0.014530919,205
data_754_features_corr_graph_subgraph285.gpickle,-0.020063724,-0.04604107,206
data_754_features_corr_graph_subgraph286.gpickle,-0.014588019,-0.023017803,207
data_754_features_corr_graph_subgraph287.gpickle,0.004101592,0.000849428,208
data_754_features_corr_graph_subgraph288.gpickle,-0.015620727,-0.04398129,209
data_754_features_corr_graph_subgraph289.gpickle,-0.007099791,-0.017020017,210
data_754_features_corr_graph_subgraph29.gpickle,0.000214155,-0.005959641,211
data_754_features_corr_graph_subgraph290.gpickle,-0.000316354,-0.00988421,212
data_754_features_corr_graph_subgraph291.gpickle,-0.000515265,0.01848885,213
data_754_features_corr_graph_subgraph292.gpickle,-0.015322385,-0.049083192,214
data_754_features_corr_graph_subgraph293.gpickle,-0.018826323,-0.03850518,215
data_754_features_corr_graph_subgraph294.gpickle,0.014654016,0.030824916,216
data_754_features_corr_graph_subgraph295.gpickle,0.026244955,0.034625694,217
data_754_features_corr_graph_subgraph296.gpickle,-0.021621458,-0.046338882,218
data_754_features_corr_graph_subgraph297.gpickle,-0.01605605,-0.03562001,219
data_754_features_corr_graph_subgraph298.gpickle,-0.020514721,-0.022018397,220
data_754_features_corr_graph_subgraph299.gpickle,-0.007705084,-0.044635933,221
data_754_features_corr_graph_subgraph3.gpickle,0.008253836,0.03537494,222
data_754_features_corr_graph_subgraph30.gpickle,-0.036896646,-0.07708827,223
data_754_features_corr_graph_subgraph300.gpickle,-0.026557235,-0.08137499,224
data_754_features_corr_graph_subgraph301.gpickle,0.006638365,0.029003795,225
data_754_features_corr_graph_subgraph302.gpickle,-0.01329467,-0.018713344,226
data_754_features_corr_graph_subgraph303.gpickle,0.032738607,0.048361607,227
data_754_features_corr_graph_subgraph304.gpickle,0.013486926,0.007130764,228
data_754_features_corr_graph_subgraph305.gpickle,-0.010742798,-0.026338512,229
data_754_features_corr_graph_subgraph306.gpickle,-0.011643156,-0.029476754,230
data_754_features_corr_graph_subgraph307.gpickle,-0.014566444,-0.04026652,231
data_754_features_corr_graph_subgraph308.gpickle,-0.024127793,-0.05144506,232
data_754_features_corr_graph_subgraph309.gpickle,-0.055579204,-0.04318423,233
data_754_features_corr_graph_subgraph31.gpickle,0.000826535,-0.000251331,234
data_754_features_corr_graph_subgraph310.gpickle,-0.009156923,-0.033361364,235
data_754_features_corr_graph_subgraph311.gpickle,-0.020417405,-0.049211197,236
data_754_features_corr_graph_subgraph312.gpickle,-0.02134164,0.002676491,237
data_754_features_corr_graph_subgraph313.gpickle,-0.025747735,-0.04095747,238
data_754_features_corr_graph_subgraph314.gpickle,-0.009002475,-0.014128809,239
data_754_features_corr_graph_subgraph315.gpickle,0.002511521,-0.014394423,240
data_754_features_corr_graph_subgraph316.gpickle,-0.005220732,-0.013251878,241
data_754_features_corr_graph_subgraph317.gpickle,-0.014989071,-0.040395536,242
data_754_features_corr_graph_subgraph318.gpickle,-0.03680411,-0.060274433,243
data_754_features_corr_graph_subgraph319.gpickle,0.017775154,0.034532595,244
data_754_features_corr_graph_subgraph32.gpickle,-0.08880191,-0.17757438,245
data_754_features_corr_graph_subgraph320.gpickle,-0.08739181,-0.18339205,246
data_754_features_corr_graph_subgraph321.gpickle,-0.010269237,-0.019971004,247
data_754_features_corr_graph_subgraph322.gpickle,-0.021120602,-0.046848737,248
data_754_features_corr_graph_subgraph323.gpickle,-0.015931332,-0.037018865,249
data_754_features_corr_graph_subgraph324.gpickle,0.009100853,0.014870431,250
data_754_features_corr_graph_subgraph325.gpickle,-0.004184675,-0.02238497,251
data_754_features_corr_graph_subgraph326.gpickle,0.001733259,-0.003704183,252
data_754_features_corr_graph_subgraph327.gpickle,0.017049342,-0.004618192,253
data_754_features_corr_graph_subgraph328.gpickle,0.001522973,-0.003702497,254
data_754_features_corr_graph_subgraph329.gpickle,0.027755918,0.038811453,255
data_754_features_corr_graph_subgraph33.gpickle,-0.020136993,-0.042697817,256
data_754_features_corr_graph_subgraph330.gpickle,0.009886702,0.010043376,257
data_754_features_corr_graph_subgraph331.gpickle,-0.027691822,-0.06342935,258
data_754_features_corr_graph_subgraph332.gpickle,-0.007215313,-0.020980963,259
data_754_features_corr_graph_subgraph333.gpickle,-0.011979071,-0.026372278,260
data_754_features_corr_graph_subgraph334.gpickle,-0.008120185,-0.006115373,261
data_754_features_corr_graph_subgraph335.gpickle,-0.025562253,-0.061500933,262
data_754_features_corr_graph_subgraph336.gpickle,-0.014475104,-0.03072832,263
data_754_features_corr_graph_subgraph337.gpickle,-0.03757122,-0.09277424,264
data_754_features_corr_graph_subgraph338.gpickle,-0.007897819,-0.012844184,265
data_754_features_corr_graph_subgraph339.gpickle,-0.018985221,-0.035549495,266
data_754_features_corr_graph_subgraph34.gpickle,-0.018481936,-0.015985187,267
data_754_features_corr_graph_subgraph340.gpickle,-0.003781342,-0.032470144,268
data_754_features_corr_graph_subgraph341.gpickle,-0.010634342,-0.046334,269
data_754_features_corr_graph_subgraph342.gpickle,-4.46E-05,-0.008536352,270
data_754_features_corr_graph_subgraph343.gpickle,0.006967479,0.020361865,271
data_754_features_corr_graph_subgraph344.gpickle,-0.004769683,-0.017877406,272
data_754_features_corr_graph_subgraph345.gpickle,-0.014426243,-0.0337291,273
data_754_features_corr_graph_subgraph346.gpickle,-0.009228734,-0.03956323,274
data_754_features_corr_graph_subgraph347.gpickle,-0.005559464,-0.022866024,275
data_754_features_corr_graph_subgraph348.gpickle,-0.004427863,-0.016176224,276
data_754_features_corr_graph_subgraph349.gpickle,0.000941299,0.011377024,277
data_754_features_corr_graph_subgraph35.gpickle,-0.009909774,-0.017161714,278
data_754_features_corr_graph_subgraph350.gpickle,-0.010747585,-0.028417137,279
data_754_features_corr_graph_subgraph351.gpickle,-0.010033567,0.004425672,280
data_754_features_corr_graph_subgraph352.gpickle,-0.009201225,0.01137086,281
data_754_features_corr_graph_subgraph353.gpickle,0.02754651,0.03226847,282
data_754_features_corr_graph_subgraph354.gpickle,-0.03197774,-0.11035925,283
data_754_features_corr_graph_subgraph355.gpickle,-0.00926753,-0.024476534,284
data_754_features_corr_graph_subgraph356.gpickle,0.009710516,0.009474187,285
data_754_features_corr_graph_subgraph357.gpickle,0.003962721,0.013489217,286
data_754_features_corr_graph_subgraph358.gpickle,0.002118328,-0.001487893,287
data_754_features_corr_graph_subgraph359.gpickle,-0.019871136,-0.05036292,288
data_754_features_corr_graph_subgraph36.gpickle,-0.008311666,-0.000975402,289
data_754_features_corr_graph_subgraph360.gpickle,-0.007949052,-0.012870695,290
data_754_features_corr_graph_subgraph361.gpickle,0.012084049,0.0075921,291
data_754_features_corr_graph_subgraph362.gpickle,-0.035734396,-0.031574007,292
data_754_features_corr_graph_subgraph363.gpickle,-0.01750131,-0.047514122,293
data_754_features_corr_graph_subgraph364.gpickle,-0.015460838,-0.028530078,294
data_754_features_corr_graph_subgraph365.gpickle,0.000929855,-0.024535483,295
data_754_features_corr_graph_subgraph366.gpickle,0.024378426,0.051479384,296
data_754_features_corr_graph_subgraph367.gpickle,-0.017182231,-0.0497476,297
data_754_features_corr_graph_subgraph368.gpickle,-0.020280939,-0.038914405,298
data_754_features_corr_graph_subgraph369.gpickle,-0.031588707,-0.048925374,299
data_754_features_corr_graph_subgraph37.gpickle,0.02284938,0.046546645,300
data_754_features_corr_graph_subgraph370.gpickle,0.008103247,0.007246036,301
data_754_features_corr_graph_subgraph371.gpickle,0.000898116,-0.031493064,302
data_754_features_corr_graph_subgraph372.gpickle,-0.006414956,-0.010420287,303
data_754_features_corr_graph_subgraph373.gpickle,-0.006187304,-0.014668175,304
data_754_features_corr_graph_subgraph374.gpickle,0.024706716,0.051330555,305
data_754_features_corr_graph_subgraph375.gpickle,0.014766092,-0.007959975,306
data_754_features_corr_graph_subgraph376.gpickle,0.018831741,0.03316905,307
data_754_features_corr_graph_subgraph377.gpickle,-0.016251372,-0.032140672,308
data_754_features_corr_graph_subgraph378.gpickle,0.003186182,-0.029465564,309
data_754_features_corr_graph_subgraph379.gpickle,-0.001867398,0.009551091,310
data_754_features_corr_graph_subgraph38.gpickle,0.000713108,0.0165448,311
data_754_features_corr_graph_subgraph380.gpickle,-0.009849525,-0.026686843,312
data_754_features_corr_graph_subgraph381.gpickle,-0.004534317,-0.026600027,313
data_754_features_corr_graph_subgraph382.gpickle,-0.022939047,-0.07166158,314
data_754_features_corr_graph_subgraph383.gpickle,0.007570423,0.017412748,315
data_754_features_corr_graph_subgraph384.gpickle,0.017324418,0.026733646,316
data_754_features_corr_graph_subgraph385.gpickle,-0.010029677,-0.029045152,317
data_754_features_corr_graph_subgraph386.gpickle,0.013893311,0.020095322,318
data_754_features_corr_graph_subgraph387.gpickle,-0.005714899,-0.01523997,319
data_754_features_corr_graph_subgraph388.gpickle,-0.013324697,-0.018674739,320
data_754_features_corr_graph_subgraph389.gpickle,-0.013761824,-0.0413502,321
data_754_features_corr_graph_subgraph39.gpickle,-0.021096684,-0.049199063,322
data_754_features_corr_graph_subgraph390.gpickle,0.02911193,0.053933807,323
data_754_features_corr_graph_subgraph391.gpickle,-0.039294872,-0.09153922,324
data_754_features_corr_graph_subgraph392.gpickle,0.010533423,0.018239984,325
data_754_features_corr_graph_subgraph393.gpickle,0.011624392,0.025712382,326
data_754_features_corr_graph_subgraph394.gpickle,0.008244789,0.01752316,327
data_754_features_corr_graph_subgraph395.gpickle,0.023247777,0.030532168,328
data_754_features_corr_graph_subgraph396.gpickle,-0.010759767,-0.028590197,329
data_754_features_corr_graph_subgraph397.gpickle,-0.006757496,-0.025455106,330
data_754_features_corr_graph_subgraph398.gpickle,-0.008531209,-0.008584976,331
data_754_features_corr_graph_subgraph399.gpickle,-0.007132739,-0.017807845,332
data_754_features_corr_graph_subgraph4.gpickle,0.027877327,0.04570765,333
data_754_features_corr_graph_subgraph40.gpickle,-0.032048967,-0.059607815,334
data_754_features_corr_graph_subgraph400.gpickle,-0.013883998,-0.037116975,335
data_754_features_corr_graph_subgraph401.gpickle,-0.005733797,-0.029602759,336
data_754_features_corr_graph_subgraph402.gpickle,-0.017542673,-0.049485013,337
data_754_features_corr_graph_subgraph403.gpickle,0.028723445,0.061909087,338
data_754_features_corr_graph_subgraph404.gpickle,-0.001393598,-0.006163781,339
data_754_features_corr_graph_subgraph405.gpickle,-0.004878459,-0.019109713,340
data_754_features_corr_graph_subgraph406.gpickle,-0.011722305,-0.036650937,341
data_754_features_corr_graph_subgraph407.gpickle,-0.005168994,-0.007696225,342
data_754_features_corr_graph_subgraph408.gpickle,-0.014017709,-0.03237511,343
data_754_features_corr_graph_subgraph409.gpickle,-0.003988206,-0.013156232,344
data_754_features_corr_graph_subgraph41.gpickle,-0.011715933,0.010094451,345
data_754_features_corr_graph_subgraph410.gpickle,0.003488001,0.02544205,346
data_754_features_corr_graph_subgraph411.gpickle,-0.006821811,-0.01613209,347
data_754_features_corr_graph_subgraph412.gpickle,-0.009566465,-0.004965416,348
data_754_features_corr_graph_subgraph413.gpickle,-0.001509098,-0.021415602,349
data_754_features_corr_graph_subgraph414.gpickle,-0.003965787,-0.026151149,350
data_754_features_corr_graph_subgraph415.gpickle,0.015911669,0.022356706,351
data_754_features_corr_graph_subgraph416.gpickle,-0.009570206,-0.0348112,352
data_754_features_corr_graph_subgraph417.gpickle,0.002110824,0.009167633,353
data_754_features_corr_graph_subgraph418.gpickle,0.006182073,0.014749024,354
data_754_features_corr_graph_subgraph419.gpickle,0.006200972,0.008333385,355
data_754_features_corr_graph_subgraph42.gpickle,-0.01031192,-0.028462555,356
data_754_features_corr_graph_subgraph420.gpickle,0.008183621,0.03461502,357
data_754_features_corr_graph_subgraph421.gpickle,0.005547576,-0.011180211,358
data_754_features_corr_graph_subgraph422.gpickle,-0.004669342,-0.021069922,359
data_754_features_corr_graph_subgraph423.gpickle,0.018278817,0.05248272,360
data_754_features_corr_graph_subgraph424.gpickle,-0.012989224,-0.03179869,361
data_754_features_corr_graph_subgraph425.gpickle,0.011169205,0.012945764,362
data_754_features_corr_graph_subgraph426.gpickle,-0.007807035,-0.012161024,363
data_754_features_corr_graph_subgraph427.gpickle,-0.003510516,-0.019761128,364
data_754_features_corr_graph_subgraph428.gpickle,0.006543096,-0.013254353,365
data_754_features_corr_graph_subgraph429.gpickle,-0.021822544,-0.042881902,366
data_754_features_corr_graph_subgraph43.gpickle,0.004838469,0.013972411,367
data_754_features_corr_graph_subgraph430.gpickle,-0.01686484,-0.045557495,368
data_754_features_corr_graph_subgraph431.gpickle,9.52E-06,0.014471743,369
data_754_features_corr_graph_subgraph432.gpickle,0.003212691,-0.003795467,370
data_754_features_corr_graph_subgraph433.gpickle,0.013811043,0.037658572,371
data_754_features_corr_graph_subgraph434.gpickle,0.019782271,0.022285342,372
data_754_features_corr_graph_subgraph435.gpickle,-0.003636451,-0.002317002,373
data_754_features_corr_graph_subgraph436.gpickle,-0.014591889,-0.039516766,374
data_754_features_corr_graph_subgraph437.gpickle,-0.048802435,-0.08626867,375
data_754_features_corr_graph_subgraph438.gpickle,-0.007856798,-0.01995445,376
data_754_features_corr_graph_subgraph439.gpickle,-0.006385348,-0.008718925,377
data_754_features_corr_graph_subgraph44.gpickle,-0.008119722,-0.025567356,378
data_754_features_corr_graph_subgraph440.gpickle,-0.014646954,-0.021367349,379
data_754_features_corr_graph_subgraph441.gpickle,-0.016217373,-0.029374598,380
data_754_features_corr_graph_subgraph442.gpickle,0.01866213,0.009267111,381
data_754_features_corr_graph_subgraph443.gpickle,-0.019119902,-0.045503903,382
data_754_features_corr_graph_subgraph444.gpickle,-0.002782404,-0.018521225,383
data_754_features_corr_graph_subgraph445.gpickle,0.001093307,0.015921153,384
data_754_features_corr_graph_subgraph446.gpickle,-0.006970463,-0.015656795,385
data_754_features_corr_graph_subgraph447.gpickle,0.011676545,0.02022605,386
data_754_features_corr_graph_subgraph448.gpickle,0.001774231,-0.006532366,387
data_754_features_corr_graph_subgraph449.gpickle,-0.029975865,-0.09079209,388
data_754_features_corr_graph_subgraph45.gpickle,-0.021123419,-0.048920568,389
data_754_features_corr_graph_subgraph450.gpickle,0.002411681,-0.01339331,390
data_754_features_corr_graph_subgraph451.gpickle,-0.023642564,-0.057422657,391
data_754_features_corr_graph_subgraph452.gpickle,0.000586708,0.002515338,392
data_754_features_corr_graph_subgraph453.gpickle,-0.019026345,-0.03634361,393
data_754_features_corr_graph_subgraph454.gpickle,0.007451629,0.008805247,394
data_754_features_corr_graph_subgraph455.gpickle,-0.003219755,-0.015002576,395
data_754_features_corr_graph_subgraph456.gpickle,-0.007713379,-0.016948437,396
data_754_features_corr_graph_subgraph457.gpickle,0.003891725,-0.008469382,397
data_754_features_corr_graph_subgraph458.gpickle,-0.019715954,-0.056769047,398
data_754_features_corr_graph_subgraph459.gpickle,-0.018868469,-0.055401467,399
data_754_features_corr_graph_subgraph46.gpickle,-0.016292155,-0.054326467,400
data_754_features_corr_graph_subgraph460.gpickle,0.003794653,0.012556259,401
data_754_features_corr_graph_subgraph461.gpickle,-0.002262318,-0.012165139,402
data_754_features_corr_graph_subgraph462.gpickle,-0.003244998,-0.02087898,403
data_754_features_corr_graph_subgraph463.gpickle,-0.021554848,-0.051515106,404
data_754_features_corr_graph_subgraph464.gpickle,-0.001758914,-0.003982135,405
data_754_features_corr_graph_subgraph465.gpickle,-0.008185222,-0.017742671,406
data_754_features_corr_graph_subgraph466.gpickle,0.010276547,0.026852822,407
data_754_features_corr_graph_subgraph467.gpickle,0.012986578,0.02261411,408
data_754_features_corr_graph_subgraph468.gpickle,-0.01176222,-0.02514916,409
data_754_features_corr_graph_subgraph469.gpickle,0.009940072,0.00705998,410
data_754_features_corr_graph_subgraph47.gpickle,0.0300418,0.051808916,411
data_754_features_corr_graph_subgraph470.gpickle,0.015825324,0.04182543,412
data_754_features_corr_graph_subgraph471.gpickle,-0.014063989,-0.019342069,413
data_754_features_corr_graph_subgraph472.gpickle,0.004653171,-0.013759417,414
data_754_features_corr_graph_subgraph473.gpickle,-0.036845587,-0.07525504,415
data_754_features_corr_graph_subgraph474.gpickle,-0.019427493,-0.010203688,416
data_754_features_corr_graph_subgraph475.gpickle,-0.02168808,-0.045860615,417
data_754_features_corr_graph_subgraph476.gpickle,-0.007049202,-0.013993826,418
data_754_features_corr_graph_subgraph477.gpickle,-0.002487276,-0.01154452,419
data_754_features_corr_graph_subgraph478.gpickle,0.015801543,0.033876736,420
data_754_features_corr_graph_subgraph479.gpickle,0.01176678,0.023067037,421
data_754_features_corr_graph_subgraph48.gpickle,-0.06872252,-0.13825603,422
data_754_features_corr_graph_subgraph480.gpickle,-0.001203212,-0.003868417,423
data_754_features_corr_graph_subgraph481.gpickle,-0.005398385,-0.034978345,424
data_754_features_corr_graph_subgraph482.gpickle,0.009978654,0.005057884,425
data_754_features_corr_graph_subgraph483.gpickle,0.014602148,0.02273569,426
data_754_features_corr_graph_subgraph484.gpickle,-0.019103725,-0.053729795,427
data_754_features_corr_graph_subgraph485.gpickle,-0.012348428,-0.036272343,428
data_754_features_corr_graph_subgraph486.gpickle,-0.002934325,0.005600744,429
data_754_features_corr_graph_subgraph487.gpickle,-0.012067666,-0.019580256,430
data_754_features_corr_graph_subgraph488.gpickle,-0.03349264,-0.066776805,431
data_754_features_corr_graph_subgraph489.gpickle,0.006743114,0.02502215,432
data_754_features_corr_graph_subgraph49.gpickle,-0.18035285,-0.23243749,433
data_754_features_corr_graph_subgraph490.gpickle,0.020362264,0.03443522,434
data_754_features_corr_graph_subgraph491.gpickle,0.0259725,0.047786314,435
data_754_features_corr_graph_subgraph492.gpickle,-0.009086189,-0.025678802,436
data_754_features_corr_graph_subgraph493.gpickle,-0.027433766,-0.038112387,437
data_754_features_corr_graph_subgraph494.gpickle,0.0094074,0.038349703,438
data_754_features_corr_graph_subgraph495.gpickle,0.02202808,0.03555583,439
data_754_features_corr_graph_subgraph496.gpickle,6.07E-05,0.003966678,440
data_754_features_corr_graph_subgraph497.gpickle,-0.015513648,-0.035383746,441
data_754_features_corr_graph_subgraph498.gpickle,0.012631998,0.036062054,442
data_754_features_corr_graph_subgraph499.gpickle,-0.00107055,-0.015894327,443
data_754_features_corr_graph_subgraph5.gpickle,0.043485537,0.09550589,444
data_754_features_corr_graph_subgraph50.gpickle,-0.04952535,-0.11010652,445
data_754_features_corr_graph_subgraph500.gpickle,0.002979424,-0.000870241,446
data_754_features_corr_graph_subgraph51.gpickle,-0.034631986,-0.1055697,447
data_754_features_corr_graph_subgraph52.gpickle,-0.011866608,-0.020402797,448
data_754_features_corr_graph_subgraph53.gpickle,-0.006988442,-0.019524967,449
data_754_features_corr_graph_subgraph54.gpickle,-0.032185987,-0.09995285,450
data_754_features_corr_graph_subgraph55.gpickle,-0.021169245,-0.05002413,451
data_754_features_corr_graph_subgraph56.gpickle,0.006781401,0.035504986,452
data_754_features_corr_graph_subgraph57.gpickle,0.003111949,0.052547865,453
data_754_features_corr_graph_subgraph58.gpickle,-0.026589103,-0.057972632,454
data_754_features_corr_graph_subgraph59.gpickle,-0.001449677,-0.001535101,455
data_754_features_corr_graph_subgraph6.gpickle,-0.01664167,-0.028757244,456
data_754_features_corr_graph_subgraph60.gpickle,-0.08803042,-0.1177444,457
data_754_features_corr_graph_subgraph61.gpickle,-0.016210636,-0.038780533,458
data_754_features_corr_graph_subgraph62.gpickle,0.00404983,0.004084176,459
data_754_features_corr_graph_subgraph63.gpickle,-0.001572959,-0.024323037,460
data_754_features_corr_graph_subgraph64.gpickle,0.013666344,0.03364476,461
data_754_features_corr_graph_subgraph65.gpickle,-0.024471689,-0.04888145,462
data_754_features_corr_graph_subgraph66.gpickle,-0.017207164,-0.041274965,463
data_754_features_corr_graph_subgraph67.gpickle,0.021259557,0.052990794,464
data_754_features_corr_graph_subgraph68.gpickle,-0.012572532,-0.031135907,465
data_754_features_corr_graph_subgraph69.gpickle,-0.00150379,-0.023783205,466
data_754_features_corr_graph_subgraph7.gpickle,-0.018470408,-0.05506392,467
data_754_features_corr_graph_subgraph70.gpickle,0.014456806,0.034333125,468
data_754_features_corr_graph_subgraph71.gpickle,-0.027491186,-0.058023114,469
data_754_features_corr_graph_subgraph72.gpickle,-0.001824415,-0.014040353,470
data_754_features_corr_graph_subgraph73.gpickle,-0.00593072,-0.020681066,471
data_754_features_corr_graph_subgraph74.gpickle,-0.023544673,-0.051574565,472
data_754_features_corr_graph_subgraph75.gpickle,0.018283399,0.03143792,473
data_754_features_corr_graph_subgraph76.gpickle,0.008990969,0.023155292,474
data_754_features_corr_graph_subgraph77.gpickle,-0.020827413,-0.021314153,475
data_754_features_corr_graph_subgraph78.gpickle,-0.05929057,-0.11682492,476
data_754_features_corr_graph_subgraph79.gpickle,-0.023345059,-0.050016895,477
data_754_features_corr_graph_subgraph8.gpickle,-0.019430641,-0.052265447,478
data_754_features_corr_graph_subgraph80.gpickle,-0.010073641,-0.033372853,479
data_754_features_corr_graph_subgraph81.gpickle,-0.008416295,-0.014701185,480
data_754_features_corr_graph_subgraph82.gpickle,-0.018529167,-0.021879394,481
data_754_features_corr_graph_subgraph83.gpickle,-0.004620476,-0.03525413,482
data_754_features_corr_graph_subgraph84.gpickle,-0.009834311,-0.012549061,483
data_754_features_corr_graph_subgraph85.gpickle,0.004199724,0.007720199,484
data_754_features_corr_graph_subgraph86.gpickle,0.022883251,0.052099813,485
data_754_features_corr_graph_subgraph87.gpickle,0.022193095,0.04371862,486
data_754_features_corr_graph_subgraph88.gpickle,-0.017872771,-0.040344715,487
data_754_features_corr_graph_subgraph89.gpickle,-0.043624498,-0.11274748,488
data_754_features_corr_graph_subgraph9.gpickle,-0.12651032,-0.2557133,489
data_754_features_corr_graph_subgraph90.gpickle,-0.004917002,-0.010549174,490
data_754_features_corr_graph_subgraph91.gpickle,-0.018569844,-0.041226916,491
data_754_features_corr_graph_subgraph92.gpickle,-0.00152389,-0.014636152,492
data_754_features_corr_graph_subgraph93.gpickle,-0.011128067,-0.036793478,493
data_754_features_corr_graph_subgraph94.gpickle,-0.006847893,-0.02029216,494
data_754_features_corr_graph_subgraph95.gpickle,-0.011200426,-0.0199108,495
data_754_features_corr_graph_subgraph96.gpickle,0.031062948,0.065174595,496
data_754_features_corr_graph_subgraph97.gpickle,-0.022534372,-0.029810216,497
data_754_features_corr_graph_subgraph98.gpickle,-0.026326744,-0.05368205,498
data_754_features_corr_graph_subgraph99.gpickle,-0.023205124,-0.08257464,499
