graph_name,acc,time
data_563_features_corr_graph_subgraph1.gpickle,0.9247506799637353,0.7617408000000978
data_563_features_corr_graph_subgraph10.gpickle,0.9528558476881233,0.7788862000002155
data_563_features_corr_graph_subgraph100.gpickle,0.9374433363553943,1.3713548000000628
data_563_features_corr_graph_subgraph11.gpickle,0.8912058023572076,0.7456071999999949
data_563_features_corr_graph_subgraph12.gpickle,0.9392565729827742,0.7848238000001402
data_563_features_corr_graph_subgraph13.gpickle,0.9338168631006346,0.7856259000000136
data_563_features_corr_graph_subgraph14.gpickle,0.8757932910244787,0.8874661999998352
data_563_features_corr_graph_subgraph15.gpickle,0.9356300997280145,0.7501096000000871
data_563_features_corr_graph_subgraph16.gpickle,0.9256572982774252,0.7336841999999706
data_563_features_corr_graph_subgraph17.gpickle,0.9102447869446962,0.828581000000213
data_563_features_corr_graph_subgraph18.gpickle,0.8757932910244787,1.005080999999791
data_563_features_corr_graph_subgraph19.gpickle,0.9437896645512239,0.7572150999999394
data_563_features_corr_graph_subgraph2.gpickle,0.9193109700815957,0.7362118999999439
data_563_features_corr_graph_subgraph20.gpickle,0.9392565729827742,0.8129546000000119
data_563_features_corr_graph_subgraph21.gpickle,0.928377153218495,0.8575457000001734
data_563_features_corr_graph_subgraph22.gpickle,0.9374433363553943,0.9426456000001053
data_563_features_corr_graph_subgraph23.gpickle,0.9374433363553943,0.7883719999999812
data_563_features_corr_graph_subgraph24.gpickle,0.9437896645512239,0.9290621000000101
data_563_features_corr_graph_subgraph25.gpickle,0.9510426110607434,0.7876108000000386
data_563_features_corr_graph_subgraph26.gpickle,0.9374433363553943,0.8624684999999772
data_563_features_corr_graph_subgraph27.gpickle,0.9338168631006346,0.9729459999998653
data_563_features_corr_graph_subgraph28.gpickle,0.929283771532185,0.8202928999999131
data_563_features_corr_graph_subgraph29.gpickle,0.8893925657298277,1.0206544000002395
data_563_features_corr_graph_subgraph3.gpickle,0.9383499546690843,0.6993422999998984
data_563_features_corr_graph_subgraph30.gpickle,0.9437896645512239,0.8867771000000175
data_563_features_corr_graph_subgraph31.gpickle,0.9356300997280145,0.9706737999999859
data_563_features_corr_graph_subgraph32.gpickle,0.9301903898458749,0.99181389999967
data_563_features_corr_graph_subgraph33.gpickle,0.9446962828649139,0.7616064000003462
data_563_features_corr_graph_subgraph34.gpickle,0.9347234814143246,0.8351017999998476
data_563_features_corr_graph_subgraph35.gpickle,0.9410698096101541,0.8537089999999807
data_563_features_corr_graph_subgraph36.gpickle,0.8467815049864007,1.0422968000002584
data_563_features_corr_graph_subgraph37.gpickle,0.9437896645512239,0.8750652999997328
data_563_features_corr_graph_subgraph38.gpickle,0.9446962828649139,0.7938917000001311
data_563_features_corr_graph_subgraph39.gpickle,0.9410698096101541,1.0864473000001453
data_563_features_corr_graph_subgraph4.gpickle,0.9401631912964642,0.7318975999996837
data_563_features_corr_graph_subgraph40.gpickle,0.9075249320036265,0.9612264000002142
data_563_features_corr_graph_subgraph41.gpickle,0.9392565729827742,0.9369647999997142
data_563_features_corr_graph_subgraph42.gpickle,0.957388939256573,0.9443203999999241
data_563_features_corr_graph_subgraph43.gpickle,0.8893925657298277,1.1986707000000933
data_563_features_corr_graph_subgraph44.gpickle,0.9492293744333635,1.1448281999996652
data_563_features_corr_graph_subgraph45.gpickle,0.9410698096101541,1.0127806000000419
data_563_features_corr_graph_subgraph46.gpickle,0.9410698096101541,1.0201474000000417
data_563_features_corr_graph_subgraph47.gpickle,0.9465095194922938,1.0463701999997284
data_563_features_corr_graph_subgraph48.gpickle,0.9184043517679057,1.0793150999998034
data_563_features_corr_graph_subgraph49.gpickle,0.9446962828649139,1.2141793999999209
data_563_features_corr_graph_subgraph5.gpickle,0.9510426110607434,0.8174997999999505
data_563_features_corr_graph_subgraph50.gpickle,0.9528558476881233,1.0391299000002618
data_563_features_corr_graph_subgraph51.gpickle,0.9474161378059837,1.0803003999999419
data_563_features_corr_graph_subgraph52.gpickle,0.9537624660018132,0.9418099999998049
data_563_features_corr_graph_subgraph53.gpickle,0.8041704442429737,1.4961661999996068
data_563_features_corr_graph_subgraph54.gpickle,0.9510426110607434,0.9155115999997179
data_563_features_corr_graph_subgraph55.gpickle,0.9437896645512239,1.072846899999604
data_563_features_corr_graph_subgraph56.gpickle,0.9492293744333635,1.1154007999998612
data_563_features_corr_graph_subgraph57.gpickle,0.9456029011786038,1.1749668000002202
data_563_features_corr_graph_subgraph58.gpickle,0.9057116953762466,1.076290699999845
data_563_features_corr_graph_subgraph59.gpickle,0.9338168631006346,1.056493799999771
data_563_features_corr_graph_subgraph6.gpickle,0.9084315503173164,0.7298743999999715
data_563_features_corr_graph_subgraph60.gpickle,0.9446962828649139,0.919194300000072
data_563_features_corr_graph_subgraph61.gpickle,0.9392565729827742,1.0420114999997168
data_563_features_corr_graph_subgraph62.gpickle,0.85675430643699,1.3197697000000517
data_563_features_corr_graph_subgraph63.gpickle,0.9437896645512239,1.567895000000135
data_563_features_corr_graph_subgraph64.gpickle,0.9410698096101541,1.1651780000001963
data_563_features_corr_graph_subgraph65.gpickle,0.9510426110607434,1.107646900000418
data_563_features_corr_graph_subgraph66.gpickle,0.9401631912964642,0.9969821999998203
data_563_features_corr_graph_subgraph67.gpickle,0.9437896645512239,1.1673750999998447
data_563_features_corr_graph_subgraph68.gpickle,0.9483227561196736,1.146304599999894
data_563_features_corr_graph_subgraph69.gpickle,0.9102447869446962,1.2526348000001235
data_563_features_corr_graph_subgraph7.gpickle,0.9265639165911151,0.911845699999958
data_563_features_corr_graph_subgraph70.gpickle,0.942883046237534,1.1627978000001349
data_563_features_corr_graph_subgraph71.gpickle,0.9474161378059837,1.1399870000000192
data_563_features_corr_graph_subgraph72.gpickle,0.9537624660018132,1.2909205999999358
data_563_features_corr_graph_subgraph73.gpickle,0.9492293744333635,1.2858272999997098
data_563_features_corr_graph_subgraph74.gpickle,0.9392565729827742,1.236776700000064
data_563_features_corr_graph_subgraph75.gpickle,0.9329102447869447,1.0256101999998464
data_563_features_corr_graph_subgraph76.gpickle,0.8912058023572076,1.569656500000292
data_563_features_corr_graph_subgraph77.gpickle,0.9419764279238441,1.2339688000001843
data_563_features_corr_graph_subgraph78.gpickle,0.9111514052583862,1.176885399999719
data_563_features_corr_graph_subgraph79.gpickle,0.9265639165911151,1.2299631999999292
data_563_features_corr_graph_subgraph8.gpickle,0.9220308250226654,0.7937587000001258
data_563_features_corr_graph_subgraph80.gpickle,0.9401631912964642,1.2198355999998967
data_563_features_corr_graph_subgraph81.gpickle,0.942883046237534,1.2132231000000502
data_563_features_corr_graph_subgraph82.gpickle,0.9501359927470535,1.1888113999998495
data_563_features_corr_graph_subgraph83.gpickle,0.9310970081595649,1.3397239999999329
data_563_features_corr_graph_subgraph84.gpickle,0.9446962828649139,1.2199968999998418
data_563_features_corr_graph_subgraph85.gpickle,0.9537624660018132,1.1139612000001762
data_563_features_corr_graph_subgraph86.gpickle,0.9401631912964642,1.3431798999999955
data_563_features_corr_graph_subgraph87.gpickle,0.9519492293744334,1.2573179000000891
data_563_features_corr_graph_subgraph88.gpickle,0.956482320942883,1.1927666999999929
data_563_features_corr_graph_subgraph89.gpickle,0.9347234814143246,1.2514649999998255
data_563_features_corr_graph_subgraph9.gpickle,0.8712601994560291,0.828907000000072
data_563_features_corr_graph_subgraph90.gpickle,0.9356300997280145,1.4777704000002814
data_563_features_corr_graph_subgraph91.gpickle,0.9329102447869447,1.4387517999998636
data_563_features_corr_graph_subgraph92.gpickle,0.9374433363553943,1.2696843999997327
data_563_features_corr_graph_subgraph93.gpickle,0.9601087941976428,1.1709778000004007
data_563_features_corr_graph_subgraph94.gpickle,0.9465095194922938,1.4384064999999282
data_563_features_corr_graph_subgraph95.gpickle,0.9510426110607434,1.3683993999998165
data_563_features_corr_graph_subgraph96.gpickle,0.9501359927470535,1.3166641000002528
data_563_features_corr_graph_subgraph97.gpickle,0.9320036264732547,1.3175932999997713
data_563_features_corr_graph_subgraph98.gpickle,0.9537624660018132,1.2649019999998927
data_563_features_corr_graph_subgraph99.gpickle,0.9446962828649139,1.4026574999998047
data_563_features_corr_graph_subgraph_clique1.gpickle,0.4496826835902085,0.11214969999991808
data_563_features_corr_graph_subgraph_clique10.gpickle,0.5176790571169537,0.17892229999961273
data_563_features_corr_graph_subgraph_clique100.gpickle,0.900271985494107,0.1778908000001138
data_563_features_corr_graph_subgraph_clique101.gpickle,0.8975521305530372,0.2193878000002769
data_563_features_corr_graph_subgraph_clique102.gpickle,0.8948322756119673,0.19789229999969393
data_563_features_corr_graph_subgraph_clique103.gpickle,0.8884859474161378,0.18358989999978803
data_563_features_corr_graph_subgraph_clique104.gpickle,0.9057116953762466,0.1637844000001678
data_563_features_corr_graph_subgraph_clique105.gpickle,0.899365367180417,0.16305979999970077
data_563_features_corr_graph_subgraph_clique106.gpickle,0.8930190389845875,0.19816399999990608
data_563_features_corr_graph_subgraph_clique107.gpickle,0.8966455122393472,0.2000766000001022
data_563_features_corr_graph_subgraph_clique108.gpickle,0.899365367180417,0.18943169999965903
data_563_features_corr_graph_subgraph_clique109.gpickle,0.8839528558476881,0.202205099999901
data_563_features_corr_graph_subgraph_clique11.gpickle,0.6935630099728014,0.2300145999997767
data_563_features_corr_graph_subgraph_clique110.gpickle,0.900271985494107,0.1726622999999563
data_563_features_corr_graph_subgraph_clique111.gpickle,0.900271985494107,0.16545129999985875
data_563_features_corr_graph_subgraph_clique112.gpickle,0.8966455122393472,0.22929320000002917
data_563_features_corr_graph_subgraph_clique113.gpickle,0.8966455122393472,0.1998660000003838
data_563_features_corr_graph_subgraph_clique114.gpickle,0.8250226654578422,0.24483740000005128
data_563_features_corr_graph_subgraph_clique115.gpickle,0.899365367180417,0.14508800000021438
data_563_features_corr_graph_subgraph_clique116.gpickle,0.8386219401631912,0.18832389999988663
data_563_features_corr_graph_subgraph_clique117.gpickle,0.9029918404351768,0.150375200000326
data_563_features_corr_graph_subgraph_clique118.gpickle,0.898458748866727,0.15152020000004995
data_563_features_corr_graph_subgraph_clique119.gpickle,0.8893925657298277,0.15018719999989116
data_563_features_corr_graph_subgraph_clique12.gpickle,0.6971894832275612,0.2489408999999796
data_563_features_corr_graph_subgraph_clique120.gpickle,0.899365367180417,0.16209389999994528
data_563_features_corr_graph_subgraph_clique121.gpickle,0.898458748866727,0.15038510000022143
data_563_features_corr_graph_subgraph_clique122.gpickle,0.8522212148685403,0.19232160000001386
data_563_features_corr_graph_subgraph_clique123.gpickle,0.844061650045331,0.17909759999974995
data_563_features_corr_graph_subgraph_clique124.gpickle,0.899365367180417,0.15284759999985909
data_563_features_corr_graph_subgraph_clique125.gpickle,0.9075249320036265,0.15125450000005003
data_563_features_corr_graph_subgraph_clique126.gpickle,0.8939256572982774,0.15303599999970174
data_563_features_corr_graph_subgraph_clique127.gpickle,0.8803263825929284,0.1558884000000944
data_563_features_corr_graph_subgraph_clique128.gpickle,0.8966455122393472,0.14431269999977303
data_563_features_corr_graph_subgraph_clique129.gpickle,0.8540344514959202,0.17851239999981772
data_563_features_corr_graph_subgraph_clique13.gpickle,0.7225747960108794,0.2365685999998277
data_563_features_corr_graph_subgraph_clique130.gpickle,0.8957388939256573,0.16085210000028383
data_563_features_corr_graph_subgraph_clique131.gpickle,0.8939256572982774,0.1560058999998546
data_563_features_corr_graph_subgraph_clique132.gpickle,0.8848594741613781,0.19334570000000895
data_563_features_corr_graph_subgraph_clique133.gpickle,0.9020852221214869,0.2278571000001648
data_563_features_corr_graph_subgraph_clique134.gpickle,0.9066183136899365,0.20185320000018692
data_563_features_corr_graph_subgraph_clique135.gpickle,0.8912058023572076,0.17277469999999084
data_563_features_corr_graph_subgraph_clique136.gpickle,0.8957388939256573,0.17789429999993445
data_563_features_corr_graph_subgraph_clique137.gpickle,0.915684496826836,0.16636020000032659
data_563_features_corr_graph_subgraph_clique138.gpickle,0.8893925657298277,0.17661600000019462
data_563_features_corr_graph_subgraph_clique139.gpickle,0.9011786038077969,0.1881532000002153
data_563_features_corr_graph_subgraph_clique14.gpickle,0.6971894832275612,0.2730373999997937
data_563_features_corr_graph_subgraph_clique140.gpickle,0.9066183136899365,0.21085990000028687
data_563_features_corr_graph_subgraph_clique141.gpickle,0.8875793291024479,0.1818052000003263
data_563_features_corr_graph_subgraph_clique142.gpickle,0.9029918404351768,0.16525449999971897
data_563_features_corr_graph_subgraph_clique143.gpickle,0.8495013599274706,0.17174569999997402
data_563_features_corr_graph_subgraph_clique144.gpickle,0.9020852221214869,0.16137709999975414
data_563_features_corr_graph_subgraph_clique145.gpickle,0.8902991840435177,0.14871210000001156
data_563_features_corr_graph_subgraph_clique146.gpickle,0.9057116953762466,0.18260309999959645
data_563_features_corr_graph_subgraph_clique147.gpickle,0.9220308250226654,0.19882110000025932
data_563_features_corr_graph_subgraph_clique148.gpickle,0.9220308250226654,0.19510959999979605
data_563_features_corr_graph_subgraph_clique149.gpickle,0.9102447869446962,0.17432860000008077
data_563_features_corr_graph_subgraph_clique15.gpickle,0.6935630099728014,0.27569180000000415
data_563_features_corr_graph_subgraph_clique150.gpickle,0.9093381686310064,0.19010660000003554
data_563_features_corr_graph_subgraph_clique151.gpickle,0.9048050770625566,0.17713970000022528
data_563_features_corr_graph_subgraph_clique152.gpickle,0.8893925657298277,0.17643829999997251
data_563_features_corr_graph_subgraph_clique153.gpickle,0.9138712601994561,0.17498939999995855
data_563_features_corr_graph_subgraph_clique154.gpickle,0.899365367180417,0.16860670000005484
data_563_features_corr_graph_subgraph_clique155.gpickle,0.7951042611060744,0.17095240000026024
data_563_features_corr_graph_subgraph_clique156.gpickle,0.8476881233000907,0.17841299999963667
data_563_features_corr_graph_subgraph_clique157.gpickle,0.7969174977334542,0.17764949999991586
data_563_features_corr_graph_subgraph_clique158.gpickle,0.8422484134179511,0.18183640000006562
data_563_features_corr_graph_subgraph_clique159.gpickle,0.8975521305530372,0.12991049999982351
data_563_features_corr_graph_subgraph_clique16.gpickle,0.6980961015412511,0.24414060000026439
data_563_features_corr_graph_subgraph_clique160.gpickle,0.9029918404351768,0.1428592000002027
data_563_features_corr_graph_subgraph_clique161.gpickle,0.9075249320036265,0.19262710000020888
data_563_features_corr_graph_subgraph_clique162.gpickle,0.9093381686310064,0.2341604000002917
data_563_features_corr_graph_subgraph_clique163.gpickle,0.9057116953762466,0.21556920000011814
data_563_features_corr_graph_subgraph_clique164.gpickle,0.9111514052583862,0.18178779999971084
data_563_features_corr_graph_subgraph_clique165.gpickle,0.9129646418857661,0.17545549999977084
data_563_features_corr_graph_subgraph_clique166.gpickle,0.9084315503173164,0.16879070000004504
data_563_features_corr_graph_subgraph_clique167.gpickle,0.8902991840435177,0.19446090000019467
data_563_features_corr_graph_subgraph_clique168.gpickle,0.8939256572982774,0.2002173999999286
data_563_features_corr_graph_subgraph_clique169.gpickle,0.899365367180417,0.18968549999999595
data_563_features_corr_graph_subgraph_clique17.gpickle,0.6763372620126926,0.21221959999957107
data_563_features_corr_graph_subgraph_clique170.gpickle,0.8930190389845875,0.1779292000001078
data_563_features_corr_graph_subgraph_clique171.gpickle,0.9029918404351768,0.18186389999982566
data_563_features_corr_graph_subgraph_clique172.gpickle,0.9011786038077969,0.16263670000034836
data_563_features_corr_graph_subgraph_clique173.gpickle,0.9102447869446962,0.23917039999969347
data_563_features_corr_graph_subgraph_clique174.gpickle,0.9111514052583862,0.2288805999996839
data_563_features_corr_graph_subgraph_clique175.gpickle,0.8966455122393472,0.17768930000011096
data_563_features_corr_graph_subgraph_clique176.gpickle,0.8975521305530372,0.18749249999973472
data_563_features_corr_graph_subgraph_clique177.gpickle,0.900271985494107,0.19700160000002143
data_563_features_corr_graph_subgraph_clique178.gpickle,0.8948322756119673,0.2035359999999855
data_563_features_corr_graph_subgraph_clique179.gpickle,0.8893925657298277,0.17705320000004576
data_563_features_corr_graph_subgraph_clique18.gpickle,0.6654578422484134,0.22274500000003172
data_563_features_corr_graph_subgraph_clique180.gpickle,0.8912058023572076,0.18681610000021465
data_563_features_corr_graph_subgraph_clique181.gpickle,0.9129646418857661,0.23447489999989557
data_563_features_corr_graph_subgraph_clique182.gpickle,0.8966455122393472,0.1973653000000013
data_563_features_corr_graph_subgraph_clique183.gpickle,0.8123300090661831,0.30099299999983486
data_563_features_corr_graph_subgraph_clique184.gpickle,0.8485947416137806,0.20340570000007574
data_563_features_corr_graph_subgraph_clique185.gpickle,0.9084315503173164,0.15954469999996945
data_563_features_corr_graph_subgraph_clique186.gpickle,0.9020852221214869,0.1491489999998521
data_563_features_corr_graph_subgraph_clique187.gpickle,0.543064369900272,0.1585303999995631
data_563_features_corr_graph_subgraph_clique188.gpickle,0.543064369900272,0.181586299999708
data_563_features_corr_graph_subgraph_clique189.gpickle,0.5249320036264733,0.16308650000019043
data_563_features_corr_graph_subgraph_clique19.gpickle,0.6736174070716229,0.2120983999998316
data_563_features_corr_graph_subgraph_clique190.gpickle,0.45602901178603805,0.1583651999999347
data_563_features_corr_graph_subgraph_clique191.gpickle,0.5421577515865821,0.16226000000006024
data_563_features_corr_graph_subgraph_clique192.gpickle,0.527651858567543,0.17562110000017128
data_563_features_corr_graph_subgraph_clique193.gpickle,0.5557570262919311,0.16577949999964403
data_563_features_corr_graph_subgraph_clique194.gpickle,0.5067996373526745,0.16226469999992332
data_563_features_corr_graph_subgraph_clique195.gpickle,0.48685403445149594,0.17600720000018555
data_563_features_corr_graph_subgraph_clique196.gpickle,0.514052583862194,0.18675609999991138
data_563_features_corr_graph_subgraph_clique197.gpickle,0.5657298277425205,0.15611169999965568
data_563_features_corr_graph_subgraph_clique198.gpickle,0.5820489573889392,0.165324199999759
data_563_features_corr_graph_subgraph_clique199.gpickle,0.5485040797824116,0.16877870000007533
data_563_features_corr_graph_subgraph_clique2.gpickle,0.7914777878513146,0.19311580000021422
data_563_features_corr_graph_subgraph_clique20.gpickle,0.6736174070716229,0.2324268000002121
data_563_features_corr_graph_subgraph_clique21.gpickle,0.7969174977334542,0.2023153000000093
data_563_features_corr_graph_subgraph_clique22.gpickle,0.8268359020852222,0.15718109999988883
data_563_features_corr_graph_subgraph_clique23.gpickle,0.8132366273798731,0.16527970000015557
data_563_features_corr_graph_subgraph_clique24.gpickle,0.5077062556663645,0.18280939999976908
data_563_features_corr_graph_subgraph_clique25.gpickle,0.5539437896645513,0.16577009999991787
data_563_features_corr_graph_subgraph_clique26.gpickle,0.5666364460562103,0.16067950000024211
data_563_features_corr_graph_subgraph_clique27.gpickle,0.5974614687216682,0.18513809999967634
data_563_features_corr_graph_subgraph_clique28.gpickle,0.6781504986400725,0.22943420000001424
data_563_features_corr_graph_subgraph_clique29.gpickle,0.6699909338168631,0.20709149999993315
data_563_features_corr_graph_subgraph_clique3.gpickle,0.7905711695376246,0.19187349999992875
data_563_features_corr_graph_subgraph_clique30.gpickle,0.6128739800543971,0.18384950000017852
data_563_features_corr_graph_subgraph_clique31.gpickle,0.6563916591115141,0.20252809999965393
data_563_features_corr_graph_subgraph_clique32.gpickle,0.6509519492293744,0.20691979999992327
data_563_features_corr_graph_subgraph_clique33.gpickle,0.6727107887579329,0.2002984999999171
data_563_features_corr_graph_subgraph_clique34.gpickle,0.6246600181323663,0.1906928000003063
data_563_features_corr_graph_subgraph_clique35.gpickle,0.5621033544877606,0.16561490000003687
data_563_features_corr_graph_subgraph_clique36.gpickle,0.4904805077062557,0.17780199999970137
data_563_features_corr_graph_subgraph_clique37.gpickle,0.5784224841341795,0.15381190000016431
data_563_features_corr_graph_subgraph_clique38.gpickle,0.556663644605621,0.16078379999999015
data_563_features_corr_graph_subgraph_clique39.gpickle,0.6400725294650952,0.19281249999994543
data_563_features_corr_graph_subgraph_clique4.gpickle,0.7842248413417952,0.19239770000012868
data_563_features_corr_graph_subgraph_clique40.gpickle,0.6817769718948323,0.2514322000001812
data_563_features_corr_graph_subgraph_clique41.gpickle,0.6854034451495921,0.24209039999959714
data_563_features_corr_graph_subgraph_clique42.gpickle,0.6754306436990027,0.21018259999982547
data_563_features_corr_graph_subgraph_clique43.gpickle,0.6355394378966455,0.20006839999996373
data_563_features_corr_graph_subgraph_clique44.gpickle,0.6563916591115141,0.21218660000022282
data_563_features_corr_graph_subgraph_clique45.gpickle,0.6817769718948323,0.21991410000009637
data_563_features_corr_graph_subgraph_clique46.gpickle,0.6962828649138713,0.19322700000020632
data_563_features_corr_graph_subgraph_clique47.gpickle,0.6563916591115141,0.20397109999976237
data_563_features_corr_graph_subgraph_clique48.gpickle,0.6808703535811423,0.21509019999984957
data_563_features_corr_graph_subgraph_clique49.gpickle,0.5639165911151405,0.16152130000000398
data_563_features_corr_graph_subgraph_clique5.gpickle,0.7951042611060744,0.1907228000000032
data_563_features_corr_graph_subgraph_clique50.gpickle,0.45965548504079784,0.1552492999999231
data_563_features_corr_graph_subgraph_clique51.gpickle,0.5385312783318223,0.17862689999992654
data_563_features_corr_graph_subgraph_clique52.gpickle,0.5122393472348141,0.1616638000000421
data_563_features_corr_graph_subgraph_clique53.gpickle,0.5521305530371714,0.173924100000022
data_563_features_corr_graph_subgraph_clique54.gpickle,0.898458748866727,0.1513135999998667
data_563_features_corr_graph_subgraph_clique55.gpickle,0.8558476881233001,0.1844436000001224
data_563_features_corr_graph_subgraph_clique56.gpickle,0.9057116953762466,0.15154870000014853
data_563_features_corr_graph_subgraph_clique57.gpickle,0.9020852221214869,0.1531115999996473
data_563_features_corr_graph_subgraph_clique58.gpickle,0.9038984587488668,0.1655547000000297
data_563_features_corr_graph_subgraph_clique59.gpickle,0.8957388939256573,0.15171980000013718
data_563_features_corr_graph_subgraph_clique6.gpickle,0.8050770625566637,0.19348529999979291
data_563_features_corr_graph_subgraph_clique60.gpickle,0.900271985494107,0.15193450000015218
data_563_features_corr_graph_subgraph_clique61.gpickle,0.8540344514959202,0.16133629999967525
data_563_features_corr_graph_subgraph_clique62.gpickle,0.8449682683590208,0.18587139999999636
data_563_features_corr_graph_subgraph_clique63.gpickle,0.8939256572982774,0.1403981999997086
data_563_features_corr_graph_subgraph_clique64.gpickle,0.8912058023572076,0.14359979999971983
data_563_features_corr_graph_subgraph_clique65.gpickle,0.9057116953762466,0.1482642000000851
data_563_features_corr_graph_subgraph_clique66.gpickle,0.9102447869446962,0.15052179999975124
data_563_features_corr_graph_subgraph_clique67.gpickle,0.9057116953762466,0.13723320000008243
data_563_features_corr_graph_subgraph_clique68.gpickle,0.8549410698096102,0.173912200000359
data_563_features_corr_graph_subgraph_clique69.gpickle,0.900271985494107,0.1510310000003301
data_563_features_corr_graph_subgraph_clique7.gpickle,0.8014505893019039,0.20294719999992594
data_563_features_corr_graph_subgraph_clique70.gpickle,0.9048050770625566,0.1867667999999867
data_563_features_corr_graph_subgraph_clique71.gpickle,0.899365367180417,0.19795099999964805
data_563_features_corr_graph_subgraph_clique72.gpickle,0.9038984587488668,0.2342583999998169
data_563_features_corr_graph_subgraph_clique73.gpickle,0.898458748866727,0.19573700000000827
data_563_features_corr_graph_subgraph_clique74.gpickle,0.8966455122393472,0.17276559999982055
data_563_features_corr_graph_subgraph_clique75.gpickle,0.9129646418857661,0.16932419999966442
data_563_features_corr_graph_subgraph_clique76.gpickle,0.9202175883952856,0.15833019999990938
data_563_features_corr_graph_subgraph_clique77.gpickle,0.886672710788758,0.18507499999986976
data_563_features_corr_graph_subgraph_clique78.gpickle,0.8966455122393472,0.20106639999994513
data_563_features_corr_graph_subgraph_clique79.gpickle,0.900271985494107,0.18665760000021692
data_563_features_corr_graph_subgraph_clique8.gpickle,0.7941976427923844,0.19541220000019166
data_563_features_corr_graph_subgraph_clique80.gpickle,0.8848594741613781,0.18525270000009186
data_563_features_corr_graph_subgraph_clique81.gpickle,0.9066183136899365,0.17197840000017095
data_563_features_corr_graph_subgraph_clique82.gpickle,0.8558476881233001,0.16547619999983
data_563_features_corr_graph_subgraph_clique83.gpickle,0.8884859474161378,0.14936840000018492
data_563_features_corr_graph_subgraph_clique84.gpickle,0.9011786038077969,0.15459089999967546
data_563_features_corr_graph_subgraph_clique85.gpickle,0.9084315503173164,0.17332089999990785
data_563_features_corr_graph_subgraph_clique86.gpickle,0.9120580235720761,0.18551790000037727
data_563_features_corr_graph_subgraph_clique87.gpickle,0.915684496826836,0.1857105999997657
data_563_features_corr_graph_subgraph_clique88.gpickle,0.9102447869446962,0.17309250000016618
data_563_features_corr_graph_subgraph_clique89.gpickle,0.9066183136899365,0.15152500000021973
data_563_features_corr_graph_subgraph_clique9.gpickle,0.5394378966455122,0.1728557000001274
data_563_features_corr_graph_subgraph_clique90.gpickle,0.898458748866727,0.1768646999998964
data_563_features_corr_graph_subgraph_clique91.gpickle,0.8948322756119673,0.18152639999971143
data_563_features_corr_graph_subgraph_clique92.gpickle,0.8975521305530372,0.1758998000000247
data_563_features_corr_graph_subgraph_clique93.gpickle,0.9084315503173164,0.16523559999995996
data_563_features_corr_graph_subgraph_clique94.gpickle,0.8087035358114234,0.15547019999985423
data_563_features_corr_graph_subgraph_clique95.gpickle,0.8458748866727108,0.17201410000006945
data_563_features_corr_graph_subgraph_clique96.gpickle,0.8114233907524931,0.1593297999997958
data_563_features_corr_graph_subgraph_clique97.gpickle,0.8540344514959202,0.16625369999974282
data_563_features_corr_graph_subgraph_clique98.gpickle,0.9020852221214869,0.1405667000003632
data_563_features_corr_graph_subgraph_clique99.gpickle,0.8966455122393472,0.14781489999995756
data_563_features_corr_graph_subgraph_tree1.gpickle,0.9510426110607434,3.820845499999905
data_563_features_corr_graph_subgraph_tree2.gpickle,0.9492293744333635,3.7887304999999287
data_563_features_corr_graph_subgraph_tree3.gpickle,0.9492293744333635,3.546359300000404
data_563_features_corr_graph_subgraph_tree4.gpickle,0.9437896645512239,3.5808750000001055
data_563_features_corr_graph_subgraph_tree5.gpickle,0.9465095194922938,3.6209238999999798
data_754_features_corr_graph_subgraph101.gpickle,0.8421052631578947,0.048475199999757024
data_754_features_corr_graph_subgraph102.gpickle,0.7982456140350878,0.059609200000068086
data_754_features_corr_graph_subgraph103.gpickle,0.8596491228070176,0.060270699999819044
data_754_features_corr_graph_subgraph104.gpickle,0.7982456140350878,0.0632858999997552
data_754_features_corr_graph_subgraph105.gpickle,0.8333333333333334,0.0689198000000033
data_754_features_corr_graph_subgraph106.gpickle,0.8245614035087719,0.0649198000000979
data_754_features_corr_graph_subgraph107.gpickle,0.8596491228070176,0.050128899999890564
data_754_features_corr_graph_subgraph108.gpickle,0.7982456140350878,0.05592630000001009
data_754_features_corr_graph_subgraph109.gpickle,0.8508771929824561,0.060792100000071514
data_754_features_corr_graph_subgraph110.gpickle,0.7807017543859649,0.05590710000024046
data_754_features_corr_graph_subgraph111.gpickle,0.7982456140350878,0.06656229999998686
data_754_features_corr_graph_subgraph112.gpickle,0.8771929824561403,0.06120229999987714
data_754_features_corr_graph_subgraph113.gpickle,0.8245614035087719,0.06470290000015666
data_754_features_corr_graph_subgraph114.gpickle,0.7982456140350878,0.0616160999998101
data_754_features_corr_graph_subgraph115.gpickle,0.7543859649122807,0.06099689999973634
data_754_features_corr_graph_subgraph116.gpickle,0.7807017543859649,0.05091629999969882
data_754_features_corr_graph_subgraph117.gpickle,0.8157894736842105,0.05617439999969065
data_754_features_corr_graph_subgraph118.gpickle,0.7982456140350878,0.06687289999990753
data_754_features_corr_graph_subgraph119.gpickle,0.7982456140350878,0.08192759999974442
data_754_features_corr_graph_subgraph120.gpickle,0.8421052631578947,0.05409150000014051
data_754_features_corr_graph_subgraph121.gpickle,0.8596491228070176,0.05818760000011025
data_754_features_corr_graph_subgraph122.gpickle,0.7894736842105263,0.053030000000035216
data_754_features_corr_graph_subgraph123.gpickle,0.8508771929824561,0.08736840000028678
data_754_features_corr_graph_subgraph124.gpickle,0.8245614035087719,0.09441540000034365
data_754_features_corr_graph_subgraph125.gpickle,0.8421052631578947,0.07330039999988003
data_754_features_corr_graph_subgraph126.gpickle,0.7982456140350878,0.07322890000023108
data_754_features_corr_graph_subgraph127.gpickle,0.8157894736842105,0.06788170000027094
data_754_features_corr_graph_subgraph128.gpickle,0.7631578947368421,0.08864059999996243
data_754_features_corr_graph_subgraph129.gpickle,0.8070175438596491,0.054136900000230526
data_754_features_corr_graph_subgraph130.gpickle,0.7807017543859649,0.07546869999987393
data_754_features_corr_graph_subgraph131.gpickle,0.8333333333333334,0.07599549999986266
data_754_features_corr_graph_subgraph132.gpickle,0.8157894736842105,0.07426279999981489
data_754_features_corr_graph_subgraph133.gpickle,0.8333333333333334,0.07272490000013931
data_754_features_corr_graph_subgraph134.gpickle,0.8596491228070176,0.08239439999988463
data_754_features_corr_graph_subgraph135.gpickle,0.8245614035087719,0.07966280000027837
data_754_features_corr_graph_subgraph136.gpickle,0.7631578947368421,0.07126130000006015
data_754_features_corr_graph_subgraph137.gpickle,0.7807017543859649,0.08208599999989019
data_754_features_corr_graph_subgraph138.gpickle,0.8596491228070176,0.07938599999988583
data_754_features_corr_graph_subgraph139.gpickle,0.8333333333333334,0.08360679999987042
data_754_features_corr_graph_subgraph140.gpickle,0.8333333333333334,0.06862920000003214
data_754_features_corr_graph_subgraph141.gpickle,0.8157894736842105,0.07473519999985001
data_754_features_corr_graph_subgraph142.gpickle,0.8859649122807017,0.07382700000016484
data_754_features_corr_graph_subgraph143.gpickle,0.8508771929824561,0.10071059999972931
data_754_features_corr_graph_subgraph144.gpickle,0.8333333333333334,0.08446810000032201
data_754_features_corr_graph_subgraph145.gpickle,0.8771929824561403,0.10330680000015491
data_754_features_corr_graph_subgraph146.gpickle,0.7894736842105263,0.06827380000004268
data_754_features_corr_graph_subgraph147.gpickle,0.7807017543859649,0.07645030000003317
data_754_features_corr_graph_subgraph148.gpickle,0.8421052631578947,0.09826419999990321
data_754_features_corr_graph_subgraph149.gpickle,0.7894736842105263,0.08479290000013862
data_754_features_corr_graph_subgraph150.gpickle,0.7719298245614035,0.07333970000036061
data_754_features_corr_graph_subgraph151.gpickle,0.868421052631579,0.10808210000004692
data_754_features_corr_graph_subgraph152.gpickle,0.8245614035087719,0.06663299999991068
data_754_features_corr_graph_subgraph153.gpickle,0.7982456140350878,0.07646370000020397
data_754_features_corr_graph_subgraph154.gpickle,0.7982456140350878,0.07394380000005185
data_754_features_corr_graph_subgraph155.gpickle,0.8245614035087719,0.07958129999997254
data_754_features_corr_graph_subgraph156.gpickle,0.8157894736842105,0.08558700000003228
data_754_features_corr_graph_subgraph157.gpickle,0.8421052631578947,0.09195610000006127
data_754_features_corr_graph_subgraph158.gpickle,0.8157894736842105,0.07424880000007761
data_754_features_corr_graph_subgraph159.gpickle,0.7982456140350878,0.08005980000007185
data_754_features_corr_graph_subgraph160.gpickle,0.8508771929824561,0.08009519999995973
data_754_features_corr_graph_subgraph161.gpickle,0.8596491228070176,0.08898760000010952
data_754_features_corr_graph_subgraph162.gpickle,0.8333333333333334,0.08911559999978635
data_754_features_corr_graph_subgraph163.gpickle,0.8333333333333334,0.0931892999997217
data_754_features_corr_graph_subgraph164.gpickle,0.7982456140350878,0.06506470000022091
data_754_features_corr_graph_subgraph165.gpickle,0.8421052631578947,0.10017139999990832
data_754_features_corr_graph_subgraph166.gpickle,0.8157894736842105,0.07235010000022157
data_754_features_corr_graph_subgraph167.gpickle,0.8245614035087719,0.08898880000015197
data_754_features_corr_graph_subgraph168.gpickle,0.8333333333333334,0.10446989999991274
data_754_features_corr_graph_subgraph169.gpickle,0.7982456140350878,0.08186310000019148
data_754_features_corr_graph_subgraph170.gpickle,0.7894736842105263,0.13298870000016905
data_754_features_corr_graph_subgraph171.gpickle,0.8157894736842105,0.11267710000038278
data_754_features_corr_graph_subgraph172.gpickle,0.7982456140350878,0.11495390000027328
data_754_features_corr_graph_subgraph173.gpickle,0.7631578947368421,0.0933140000001913
data_754_features_corr_graph_subgraph174.gpickle,0.7368421052631579,0.10578999999961525
data_754_features_corr_graph_subgraph175.gpickle,0.7456140350877193,0.0869991999998092
data_754_features_corr_graph_subgraph176.gpickle,0.8245614035087719,0.09119550000013987
data_754_features_corr_graph_subgraph177.gpickle,0.8859649122807017,0.0825555000001259
data_754_features_corr_graph_subgraph178.gpickle,0.7807017543859649,0.09446600000001126
data_754_features_corr_graph_subgraph179.gpickle,0.8596491228070176,0.07918470000004163
data_754_features_corr_graph_subgraph180.gpickle,0.7894736842105263,0.10628780000024562
data_754_features_corr_graph_subgraph181.gpickle,0.7894736842105263,0.12333450000005541
data_754_features_corr_graph_subgraph182.gpickle,0.8421052631578947,0.12374560000034762
data_754_features_corr_graph_subgraph183.gpickle,0.7982456140350878,0.09654530000034356
data_754_features_corr_graph_subgraph184.gpickle,0.7456140350877193,0.17881630000010773
data_754_features_corr_graph_subgraph185.gpickle,0.8070175438596491,0.09479729999975461
data_754_features_corr_graph_subgraph186.gpickle,0.7894736842105263,0.0971652000002905
data_754_features_corr_graph_subgraph187.gpickle,0.7280701754385965,0.09522900000001755
data_754_features_corr_graph_subgraph188.gpickle,0.8333333333333334,0.11406089999991309
data_754_features_corr_graph_subgraph189.gpickle,0.7456140350877193,0.10824520000005577
data_754_features_corr_graph_subgraph190.gpickle,0.7982456140350878,0.10340240000004997
data_754_features_corr_graph_subgraph191.gpickle,0.7982456140350878,0.1001933999996254
data_754_features_corr_graph_subgraph192.gpickle,0.8157894736842105,0.125607299999956
data_754_features_corr_graph_subgraph193.gpickle,0.7631578947368421,0.10901009999997768
data_754_features_corr_graph_subgraph194.gpickle,0.7894736842105263,0.11338389999991705
data_754_features_corr_graph_subgraph195.gpickle,0.8245614035087719,0.12355669999988095
data_754_features_corr_graph_subgraph196.gpickle,0.7894736842105263,0.14161570000032953
data_754_features_corr_graph_subgraph197.gpickle,0.8245614035087719,0.09437179999986256
data_754_features_corr_graph_subgraph198.gpickle,0.868421052631579,0.138905799999975
data_754_features_corr_graph_subgraph199.gpickle,0.7982456140350878,0.083801300000232
data_754_features_corr_graph_subgraph200.gpickle,0.8596491228070176,0.0972964000002321
data_754_features_corr_graph_subgraph_clique1.gpickle,0.6491228070175439,0.004021000000193453
data_754_features_corr_graph_subgraph_clique10.gpickle,0.8245614035087719,0.029216299999916373
data_754_features_corr_graph_subgraph_clique100.gpickle,0.7192982456140351,0.003344400000059977
data_754_features_corr_graph_subgraph_clique101.gpickle,0.6578947368421053,0.004274899999927584
data_754_features_corr_graph_subgraph_clique102.gpickle,0.6754385964912281,0.003513599999678263
data_754_features_corr_graph_subgraph_clique103.gpickle,0.7105263157894737,0.0028963999998268264
data_754_features_corr_graph_subgraph_clique104.gpickle,0.7017543859649122,0.005159199999980046
data_754_features_corr_graph_subgraph_clique105.gpickle,0.6842105263157895,0.003104599999915081
data_754_features_corr_graph_subgraph_clique106.gpickle,0.7017543859649122,0.003991999999925611
data_754_features_corr_graph_subgraph_clique107.gpickle,0.6754385964912281,0.00422500000013315
data_754_features_corr_graph_subgraph_clique108.gpickle,0.7631578947368421,0.00421230000029027
data_754_features_corr_graph_subgraph_clique109.gpickle,0.7456140350877193,0.0034181000000899076
data_754_features_corr_graph_subgraph_clique11.gpickle,0.8596491228070176,0.028437599999961094
data_754_features_corr_graph_subgraph_clique110.gpickle,0.7280701754385965,0.003007499999966967
data_754_features_corr_graph_subgraph_clique111.gpickle,0.8245614035087719,0.004067100000156643
data_754_features_corr_graph_subgraph_clique112.gpickle,0.7982456140350878,0.00397709999970175
data_754_features_corr_graph_subgraph_clique113.gpickle,0.7280701754385965,0.004033400000025722
data_754_features_corr_graph_subgraph_clique114.gpickle,0.631578947368421,0.006305500000053144
data_754_features_corr_graph_subgraph_clique115.gpickle,0.6578947368421053,0.003443799999786279
data_754_features_corr_graph_subgraph_clique116.gpickle,0.6842105263157895,0.004002399999990303
data_754_features_corr_graph_subgraph_clique117.gpickle,0.6491228070175439,0.0066947000000254775
data_754_features_corr_graph_subgraph_clique118.gpickle,0.7456140350877193,0.007585500000004686
data_754_features_corr_graph_subgraph_clique119.gpickle,0.6666666666666666,0.005510699999831559
data_754_features_corr_graph_subgraph_clique12.gpickle,0.8245614035087719,0.028964400000404567
data_754_features_corr_graph_subgraph_clique120.gpickle,0.6842105263157895,0.005707100000108767
data_754_features_corr_graph_subgraph_clique121.gpickle,0.6403508771929824,0.005365499999697931
data_754_features_corr_graph_subgraph_clique122.gpickle,0.6578947368421053,0.004657200000110606
data_754_features_corr_graph_subgraph_clique123.gpickle,0.6578947368421053,0.005197599999974045
data_754_features_corr_graph_subgraph_clique124.gpickle,0.6491228070175439,0.006861299999854964
data_754_features_corr_graph_subgraph_clique125.gpickle,0.7017543859649122,0.004309799999646202
data_754_features_corr_graph_subgraph_clique126.gpickle,0.6491228070175439,0.004008599999906437
data_754_features_corr_graph_subgraph_clique127.gpickle,0.6140350877192983,0.004312000000027183
data_754_features_corr_graph_subgraph_clique128.gpickle,0.5964912280701754,0.0031917999999677704
data_754_features_corr_graph_subgraph_clique129.gpickle,0.7017543859649122,0.003476499999578664
data_754_features_corr_graph_subgraph_clique13.gpickle,0.8070175438596491,0.034245600000303966
data_754_features_corr_graph_subgraph_clique130.gpickle,0.7368421052631579,0.0031942000000526605
data_754_features_corr_graph_subgraph_clique131.gpickle,0.7807017543859649,0.0034064999999827705
data_754_features_corr_graph_subgraph_clique132.gpickle,0.6929824561403509,0.0062305000001288136
data_754_features_corr_graph_subgraph_clique133.gpickle,0.7280701754385965,0.009055800000169256
data_754_features_corr_graph_subgraph_clique134.gpickle,0.6929824561403509,0.005973199999971257
data_754_features_corr_graph_subgraph_clique135.gpickle,0.6578947368421053,0.005225600000358099
data_754_features_corr_graph_subgraph_clique136.gpickle,0.6666666666666666,0.003411099999993894
data_754_features_corr_graph_subgraph_clique137.gpickle,0.7456140350877193,0.005577599999924132
data_754_features_corr_graph_subgraph_clique138.gpickle,0.6754385964912281,0.004193499999928463
data_754_features_corr_graph_subgraph_clique139.gpickle,0.6754385964912281,0.004131099999995058
data_754_features_corr_graph_subgraph_clique14.gpickle,0.8421052631578947,0.033354599999711354
data_754_features_corr_graph_subgraph_clique140.gpickle,0.7982456140350878,0.007864900000186026
data_754_features_corr_graph_subgraph_clique141.gpickle,0.8421052631578947,0.00567060000003039
data_754_features_corr_graph_subgraph_clique142.gpickle,0.6842105263157895,0.0035019000001739187
data_754_features_corr_graph_subgraph_clique143.gpickle,0.7456140350877193,0.009372800000164716
data_754_features_corr_graph_subgraph_clique144.gpickle,0.7280701754385965,0.004491900000175519
data_754_features_corr_graph_subgraph_clique145.gpickle,0.7280701754385965,0.005530200000066543
data_754_features_corr_graph_subgraph_clique146.gpickle,0.7982456140350878,0.0032780000001366716
data_754_features_corr_graph_subgraph_clique147.gpickle,0.7368421052631579,0.002837700000327459
data_754_features_corr_graph_subgraph_clique148.gpickle,0.7807017543859649,0.004269999999905849
data_754_features_corr_graph_subgraph_clique149.gpickle,0.7280701754385965,0.003062199999931181
data_754_features_corr_graph_subgraph_clique15.gpickle,0.8157894736842105,0.03265620000001945
data_754_features_corr_graph_subgraph_clique150.gpickle,0.7543859649122807,0.027882700000191107
data_754_features_corr_graph_subgraph_clique151.gpickle,0.7631578947368421,0.03500590000021475
data_754_features_corr_graph_subgraph_clique152.gpickle,0.7543859649122807,0.027921600000354374
data_754_features_corr_graph_subgraph_clique153.gpickle,0.7368421052631579,0.028220099999998638
data_754_features_corr_graph_subgraph_clique154.gpickle,0.7631578947368421,0.0349847000002228
data_754_features_corr_graph_subgraph_clique155.gpickle,0.7456140350877193,0.02848439999979746
data_754_features_corr_graph_subgraph_clique156.gpickle,0.7192982456140351,0.02883269999983895
data_754_features_corr_graph_subgraph_clique157.gpickle,0.7719298245614035,0.03562049999982264
data_754_features_corr_graph_subgraph_clique158.gpickle,0.7894736842105263,0.027507799999966664
data_754_features_corr_graph_subgraph_clique159.gpickle,0.7456140350877193,0.034264599999914935
data_754_features_corr_graph_subgraph_clique16.gpickle,0.8070175438596491,0.03281399999968926
data_754_features_corr_graph_subgraph_clique160.gpickle,0.7894736842105263,0.037780300000122224
data_754_features_corr_graph_subgraph_clique161.gpickle,0.7894736842105263,0.027805400000033842
data_754_features_corr_graph_subgraph_clique162.gpickle,0.7543859649122807,0.03595980000000054
data_754_features_corr_graph_subgraph_clique163.gpickle,0.7368421052631579,0.0416931999998269
data_754_features_corr_graph_subgraph_clique164.gpickle,0.7543859649122807,0.027644499999951222
data_754_features_corr_graph_subgraph_clique165.gpickle,0.7456140350877193,0.033936199999970995
data_754_features_corr_graph_subgraph_clique166.gpickle,0.7368421052631579,0.03243350000002465
data_754_features_corr_graph_subgraph_clique167.gpickle,0.7719298245614035,0.027514400000200112
data_754_features_corr_graph_subgraph_clique168.gpickle,0.7280701754385965,0.03482789999998204
data_754_features_corr_graph_subgraph_clique169.gpickle,0.7280701754385965,0.03354120000039984
data_754_features_corr_graph_subgraph_clique17.gpickle,0.7719298245614035,0.040690299999823765
data_754_features_corr_graph_subgraph_clique170.gpickle,0.7105263157894737,0.030932099999972706
data_754_features_corr_graph_subgraph_clique171.gpickle,0.7631578947368421,0.0438401999999769
data_754_features_corr_graph_subgraph_clique172.gpickle,0.7280701754385965,0.036385599999903206
data_754_features_corr_graph_subgraph_clique173.gpickle,0.7719298245614035,0.039572099999986676
data_754_features_corr_graph_subgraph_clique174.gpickle,0.7631578947368421,0.029859299999770883
data_754_features_corr_graph_subgraph_clique175.gpickle,0.7543859649122807,0.03966979999995601
data_754_features_corr_graph_subgraph_clique176.gpickle,0.7894736842105263,0.038837799999782874
data_754_features_corr_graph_subgraph_clique177.gpickle,0.7280701754385965,0.03965990000006059
data_754_features_corr_graph_subgraph_clique178.gpickle,0.7719298245614035,0.027688399999988178
data_754_features_corr_graph_subgraph_clique179.gpickle,0.7543859649122807,0.03407440000000861
data_754_features_corr_graph_subgraph_clique18.gpickle,0.7894736842105263,0.03139699999974255
data_754_features_corr_graph_subgraph_clique180.gpickle,0.7017543859649122,0.028396000000157073
data_754_features_corr_graph_subgraph_clique181.gpickle,0.7456140350877193,0.02755410000008851
data_754_features_corr_graph_subgraph_clique182.gpickle,0.7280701754385965,0.03440730000011172
data_754_features_corr_graph_subgraph_clique183.gpickle,0.7543859649122807,0.027514400000200112
data_754_features_corr_graph_subgraph_clique184.gpickle,0.7456140350877193,0.027566199999910168
data_754_features_corr_graph_subgraph_clique185.gpickle,0.7631578947368421,0.03507549999994808
data_754_features_corr_graph_subgraph_clique186.gpickle,0.7280701754385965,0.02682390000018131
data_754_features_corr_graph_subgraph_clique187.gpickle,0.7456140350877193,0.029473000000052707
data_754_features_corr_graph_subgraph_clique188.gpickle,0.7807017543859649,0.03540309999971214
data_754_features_corr_graph_subgraph_clique189.gpickle,0.7456140350877193,0.02794979999998759
data_754_features_corr_graph_subgraph_clique19.gpickle,0.8070175438596491,0.035678200000347715
data_754_features_corr_graph_subgraph_clique190.gpickle,0.7543859649122807,0.030583000000206084
data_754_features_corr_graph_subgraph_clique191.gpickle,0.7631578947368421,0.03484469999966677
data_754_features_corr_graph_subgraph_clique192.gpickle,0.6842105263157895,0.027466099999855942
data_754_features_corr_graph_subgraph_clique193.gpickle,0.7543859649122807,0.030564099999992322
data_754_features_corr_graph_subgraph_clique194.gpickle,0.7017543859649122,0.038198300000203744
data_754_features_corr_graph_subgraph_clique195.gpickle,0.7894736842105263,0.03778980000015508
data_754_features_corr_graph_subgraph_clique196.gpickle,0.7543859649122807,0.04261129999986224
data_754_features_corr_graph_subgraph_clique197.gpickle,0.7719298245614035,0.02979189999996379
data_754_features_corr_graph_subgraph_clique198.gpickle,0.8070175438596491,0.030465499999991152
data_754_features_corr_graph_subgraph_clique199.gpickle,0.7894736842105263,0.037187700000231416
data_754_features_corr_graph_subgraph_clique2.gpickle,0.6578947368421053,0.00332799999978306
data_754_features_corr_graph_subgraph_clique20.gpickle,0.7982456140350878,0.031062499999734428
data_754_features_corr_graph_subgraph_clique21.gpickle,0.8333333333333334,0.030429499999627296
data_754_features_corr_graph_subgraph_clique22.gpickle,0.7982456140350878,0.029918500000349013
data_754_features_corr_graph_subgraph_clique23.gpickle,0.8157894736842105,0.02565580000009504
data_754_features_corr_graph_subgraph_clique24.gpickle,0.7894736842105263,0.025304100000084873
data_754_features_corr_graph_subgraph_clique25.gpickle,0.7982456140350878,0.02343429999973523
data_754_features_corr_graph_subgraph_clique26.gpickle,0.8157894736842105,0.02798290000009729
data_754_features_corr_graph_subgraph_clique27.gpickle,0.8245614035087719,0.02698839999993652
data_754_features_corr_graph_subgraph_clique28.gpickle,0.8508771929824561,0.025184200000239798
data_754_features_corr_graph_subgraph_clique29.gpickle,0.8245614035087719,0.02645650000022215
data_754_features_corr_graph_subgraph_clique3.gpickle,0.6842105263157895,0.005092299999887473
data_754_features_corr_graph_subgraph_clique30.gpickle,0.8333333333333334,0.023257100000137143
data_754_features_corr_graph_subgraph_clique31.gpickle,0.8333333333333334,0.024111299999731273
data_754_features_corr_graph_subgraph_clique32.gpickle,0.8333333333333334,0.028472299999975803
data_754_features_corr_graph_subgraph_clique33.gpickle,0.7280701754385965,0.019619000000147935
data_754_features_corr_graph_subgraph_clique34.gpickle,0.8157894736842105,0.022867300000143587
data_754_features_corr_graph_subgraph_clique35.gpickle,0.7719298245614035,0.021237400000245543
data_754_features_corr_graph_subgraph_clique36.gpickle,0.7192982456140351,0.012099900000066555
data_754_features_corr_graph_subgraph_clique37.gpickle,0.7280701754385965,0.011348900000029971
data_754_features_corr_graph_subgraph_clique38.gpickle,0.7807017543859649,0.009768700000222452
data_754_features_corr_graph_subgraph_clique39.gpickle,0.7543859649122807,0.010350699999889912
data_754_features_corr_graph_subgraph_clique4.gpickle,0.8157894736842105,0.04267299999992247
data_754_features_corr_graph_subgraph_clique40.gpickle,0.7456140350877193,0.007895599999756087
data_754_features_corr_graph_subgraph_clique41.gpickle,0.8070175438596491,0.042707699999937176
data_754_features_corr_graph_subgraph_clique42.gpickle,0.7894736842105263,0.04374280000001818
data_754_features_corr_graph_subgraph_clique43.gpickle,0.8421052631578947,0.04601409999986572
data_754_features_corr_graph_subgraph_clique44.gpickle,0.8157894736842105,0.04786740000008649
data_754_features_corr_graph_subgraph_clique45.gpickle,0.8157894736842105,0.04596930000025168
data_754_features_corr_graph_subgraph_clique46.gpickle,0.7982456140350878,0.04379389999985506
data_754_features_corr_graph_subgraph_clique47.gpickle,0.7982456140350878,0.04603450000013254
data_754_features_corr_graph_subgraph_clique48.gpickle,0.7631578947368421,0.04203189999998358
data_754_features_corr_graph_subgraph_clique49.gpickle,0.8333333333333334,0.04007640000008905
data_754_features_corr_graph_subgraph_clique5.gpickle,0.8070175438596491,0.042750099999921076
data_754_features_corr_graph_subgraph_clique50.gpickle,0.8421052631578947,0.042526900000211754
data_754_features_corr_graph_subgraph_clique51.gpickle,0.8245614035087719,0.04208470000003217
data_754_features_corr_graph_subgraph_clique52.gpickle,0.7982456140350878,0.0389897000000019
data_754_features_corr_graph_subgraph_clique53.gpickle,0.8070175438596491,0.029273600000124134
data_754_features_corr_graph_subgraph_clique54.gpickle,0.8157894736842105,0.030752699999993638
data_754_features_corr_graph_subgraph_clique55.gpickle,0.8333333333333334,0.029205199999978504
data_754_features_corr_graph_subgraph_clique56.gpickle,0.7982456140350878,0.021379000000251835
data_754_features_corr_graph_subgraph_clique57.gpickle,0.7982456140350878,0.021532100000058563
data_754_features_corr_graph_subgraph_clique58.gpickle,0.7456140350877193,0.011055100000248785
data_754_features_corr_graph_subgraph_clique59.gpickle,0.7105263157894737,0.01070499999968888
data_754_features_corr_graph_subgraph_clique6.gpickle,0.7807017543859649,0.04615739999962898
data_754_features_corr_graph_subgraph_clique60.gpickle,0.7192982456140351,0.010786600000301405
data_754_features_corr_graph_subgraph_clique61.gpickle,0.7456140350877193,0.004718400000001566
data_754_features_corr_graph_subgraph_clique62.gpickle,0.6842105263157895,0.002457099999901402
data_754_features_corr_graph_subgraph_clique63.gpickle,0.7719298245614035,0.0112450000001445
data_754_features_corr_graph_subgraph_clique64.gpickle,0.7280701754385965,0.004789999999957217
data_754_features_corr_graph_subgraph_clique65.gpickle,0.7543859649122807,0.006994099999701575
data_754_features_corr_graph_subgraph_clique66.gpickle,0.6140350877192983,0.0035555000004023896
data_754_features_corr_graph_subgraph_clique67.gpickle,0.6754385964912281,0.003355000000283326
data_754_features_corr_graph_subgraph_clique68.gpickle,0.6666666666666666,0.006106699999691045
data_754_features_corr_graph_subgraph_clique69.gpickle,0.7807017543859649,0.008746399999836285
data_754_features_corr_graph_subgraph_clique7.gpickle,0.7982456140350878,0.03757339999992837
data_754_features_corr_graph_subgraph_clique70.gpickle,0.8070175438596491,0.008003299999927549
data_754_features_corr_graph_subgraph_clique71.gpickle,0.7719298245614035,0.009048599999914586
data_754_features_corr_graph_subgraph_clique72.gpickle,0.7807017543859649,0.009107500000027358
data_754_features_corr_graph_subgraph_clique73.gpickle,0.7543859649122807,0.0076926000001549255
data_754_features_corr_graph_subgraph_clique74.gpickle,0.8070175438596491,0.00897930000019187
data_754_features_corr_graph_subgraph_clique75.gpickle,0.6929824561403509,0.004600700000082725
data_754_features_corr_graph_subgraph_clique76.gpickle,0.6842105263157895,0.004136000000016793
data_754_features_corr_graph_subgraph_clique77.gpickle,0.8508771929824561,0.01079089999984717
data_754_features_corr_graph_subgraph_clique78.gpickle,0.7280701754385965,0.004111100000045553
data_754_features_corr_graph_subgraph_clique79.gpickle,0.6754385964912281,0.0038300999999592023
data_754_features_corr_graph_subgraph_clique8.gpickle,0.8070175438596491,0.040013599999838334
data_754_features_corr_graph_subgraph_clique80.gpickle,0.6140350877192983,0.0032853000002432964
data_754_features_corr_graph_subgraph_clique81.gpickle,0.6403508771929824,0.0033214000000043598
data_754_features_corr_graph_subgraph_clique82.gpickle,0.6052631578947368,0.004160399999818765
data_754_features_corr_graph_subgraph_clique83.gpickle,0.6052631578947368,0.00396679999994376
data_754_features_corr_graph_subgraph_clique84.gpickle,0.6403508771929824,0.0041999999998552084
data_754_features_corr_graph_subgraph_clique85.gpickle,0.6578947368421053,0.004564700000173616
data_754_features_corr_graph_subgraph_clique86.gpickle,0.7192982456140351,0.003360400000019581
data_754_features_corr_graph_subgraph_clique87.gpickle,0.6754385964912281,0.00333649999993213
data_754_features_corr_graph_subgraph_clique88.gpickle,0.7368421052631579,0.003950699999677454
data_754_features_corr_graph_subgraph_clique89.gpickle,0.5964912280701754,0.0048191000000770146
data_754_features_corr_graph_subgraph_clique9.gpickle,0.8245614035087719,0.037717500000326254
data_754_features_corr_graph_subgraph_clique90.gpickle,0.6578947368421053,0.004720299999917188
data_754_features_corr_graph_subgraph_clique91.gpickle,0.6491228070175439,0.008155699999861099
data_754_features_corr_graph_subgraph_clique92.gpickle,0.7017543859649122,0.006350800000291201
data_754_features_corr_graph_subgraph_clique93.gpickle,0.6403508771929824,0.0034178000000792963
data_754_features_corr_graph_subgraph_clique94.gpickle,0.7192982456140351,0.003924299999653158
data_754_features_corr_graph_subgraph_clique95.gpickle,0.6491228070175439,0.0035975999999209307
data_754_features_corr_graph_subgraph_clique96.gpickle,0.6491228070175439,0.004103499999928317
data_754_features_corr_graph_subgraph_clique97.gpickle,0.7017543859649122,0.003682900000057998
data_754_features_corr_graph_subgraph_clique98.gpickle,0.6491228070175439,0.003718900000421854
data_754_features_corr_graph_subgraph_clique99.gpickle,0.6578947368421053,0.004033199999867065
data_754_features_corr_graph_subgraph_tree10.gpickle,0.8596491228070176,0.22130290000040986
data_754_features_corr_graph_subgraph_tree11.gpickle,0.8508771929824561,0.21210680000012871
data_754_features_corr_graph_subgraph_tree12.gpickle,0.8508771929824561,0.21070359999976063
data_754_features_corr_graph_subgraph_tree6.gpickle,0.8421052631578947,0.21405149999964124
data_754_features_corr_graph_subgraph_tree7.gpickle,0.8859649122807017,0.23611320000009073
data_754_features_corr_graph_subgraph_tree8.gpickle,0.868421052631579,0.21518909999986136
data_754_features_corr_graph_subgraph_tree9.gpickle,0.8596491228070176,0.22291840000025331
data_5410_features_corr_graph_subgraph201.gpickle,1.0,1.8334358000001885
data_5410_features_corr_graph_subgraph202.gpickle,1.0,1.7969427000002725
data_5410_features_corr_graph_subgraph203.gpickle,0.993581514762516,45.68819940000003
data_5410_features_corr_graph_subgraph204.gpickle,1.0,1.603769199999988
data_5410_features_corr_graph_subgraph205.gpickle,0.9927257167308515,45.485963399999946
data_5410_features_corr_graph_subgraph206.gpickle,0.9922978177150192,39.696167499999774
data_5410_features_corr_graph_subgraph207.gpickle,0.9933675652545999,47.8097287999999
data_5410_features_corr_graph_subgraph208.gpickle,0.9931536157466838,48.19232069999998
data_5410_features_corr_graph_subgraph209.gpickle,0.9933675652545999,49.70585510000001
data_5410_features_corr_graph_subgraph210.gpickle,0.9916559691912709,47.66238769999973
data_5410_features_corr_graph_subgraph211.gpickle,0.9916559691912709,43.20444540000017
data_5410_features_corr_graph_subgraph212.gpickle,1.0,1.6369115000006786
data_5410_features_corr_graph_subgraph213.gpickle,0.9933675652545999,41.192248199999995
data_5410_features_corr_graph_subgraph214.gpickle,1.0,1.603749500000049
data_5410_features_corr_graph_subgraph215.gpickle,1.0,1.6356666000001496
data_5410_features_corr_graph_subgraph216.gpickle,0.9925117672229354,47.75656059999983
data_5410_features_corr_graph_subgraph217.gpickle,0.9927257167308515,50.3292107999996
data_5410_features_corr_graph_subgraph218.gpickle,0.991869918699187,43.484415299999455
data_5410_features_corr_graph_subgraph219.gpickle,1.0,1.6461775999996462
data_5410_features_corr_graph_subgraph220.gpickle,0.9937954642704322,45.20902019999994
data_5410_features_corr_graph_subgraph221.gpickle,0.9922978177150192,50.18581339999946
data_5410_features_corr_graph_subgraph222.gpickle,0.9929396662387676,39.57558980000067
data_5410_features_corr_graph_subgraph223.gpickle,0.9920838682071031,42.93608940000013
data_5410_features_corr_graph_subgraph224.gpickle,1.0,1.614673699999912
data_5410_features_corr_graph_subgraph225.gpickle,0.9922978177150192,37.72523330000058
data_5410_features_corr_graph_subgraph226.gpickle,0.9925117672229354,51.60905399999956
data_5410_features_corr_graph_subgraph227.gpickle,0.9931536157466838,43.10930389999976
data_5410_features_corr_graph_subgraph228.gpickle,0.9910141206675225,46.041323499999635
data_5410_features_corr_graph_subgraph229.gpickle,0.9927257167308515,42.39002960000016
data_5410_features_corr_graph_subgraph230.gpickle,0.9940094137783483,37.280339699999786
data_5410_features_corr_graph_subgraph231.gpickle,1.0,1.856701200000316
data_5410_features_corr_graph_subgraph232.gpickle,0.9916559691912709,45.801003699999455
data_5410_features_corr_graph_subgraph233.gpickle,0.9925117672229354,41.327436900000066
data_5410_features_corr_graph_subgraph234.gpickle,1.0,1.6787399999993795
data_5410_features_corr_graph_subgraph235.gpickle,0.9929396662387676,47.80427050000071
data_5410_features_corr_graph_subgraph236.gpickle,0.9929396662387676,43.46537660000013
data_5410_features_corr_graph_subgraph237.gpickle,1.0,1.7053245999995852
data_5410_features_corr_graph_subgraph238.gpickle,1.0,1.688231299999643
data_5410_features_corr_graph_subgraph239.gpickle,0.9905862216516902,47.18654509999942
data_5410_features_corr_graph_subgraph240.gpickle,0.993581514762516,42.47268360000089
data_5410_features_corr_graph_subgraph241.gpickle,0.9901583226358579,34.464002900000196
data_5410_features_corr_graph_subgraph242.gpickle,0.9937954642704322,36.80843339999956
data_5410_features_corr_graph_subgraph243.gpickle,0.9912280701754386,44.978380800000195
data_5410_features_corr_graph_subgraph244.gpickle,0.9925117672229354,43.96520619999956
data_5410_features_corr_graph_subgraph245.gpickle,1.0,1.666027600000234
data_5410_features_corr_graph_subgraph246.gpickle,0.9914420196833548,41.446243600000344
data_5410_features_corr_graph_subgraph247.gpickle,0.9914420196833548,51.08413229999951
data_5410_features_corr_graph_subgraph248.gpickle,0.9931536157466838,46.516442400000415
data_5410_features_corr_graph_subgraph249.gpickle,0.9922978177150192,42.30055170000014
data_5410_features_corr_graph_subgraph250.gpickle,0.9933675652545999,49.0672297000001
data_5410_features_corr_graph_subgraph251.gpickle,0.9914420196833548,44.92829029999939
data_5410_features_corr_graph_subgraph252.gpickle,0.9925117672229354,38.35296070000004
data_5410_features_corr_graph_subgraph253.gpickle,0.9916559691912709,43.82031000000006
data_5410_features_corr_graph_subgraph254.gpickle,0.9910141206675225,47.34886489999917
data_5410_features_corr_graph_subgraph255.gpickle,0.9922978177150192,50.39133849999962
data_5410_features_corr_graph_subgraph256.gpickle,1.0,1.6482082000002265
data_5410_features_corr_graph_subgraph257.gpickle,0.9927257167308515,49.115443400000004
data_5410_features_corr_graph_subgraph258.gpickle,1.0,1.6575639000002411
data_5410_features_corr_graph_subgraph259.gpickle,0.9908001711596063,52.04555840000012
data_5410_features_corr_graph_subgraph260.gpickle,0.9920838682071031,40.959747900000366
data_5410_features_corr_graph_subgraph261.gpickle,0.9910141206675225,45.55852640000012
data_5410_features_corr_graph_subgraph262.gpickle,0.9929396662387676,43.73246739999922
data_5410_features_corr_graph_subgraph263.gpickle,0.9927257167308515,43.02312709999933
data_5410_features_corr_graph_subgraph264.gpickle,0.9916559691912709,45.2616751000005
data_5410_features_corr_graph_subgraph265.gpickle,0.991869918699187,40.37875100000019
data_5410_features_corr_graph_subgraph266.gpickle,0.9927257167308515,44.79351509999833
data_5410_features_corr_graph_subgraph267.gpickle,1.0,2.1110513000003266
data_5410_features_corr_graph_subgraph268.gpickle,0.9937954642704322,44.054388700000345
data_5410_features_corr_graph_subgraph269.gpickle,0.993581514762516,45.98144329999923
data_5410_features_corr_graph_subgraph270.gpickle,1.0,1.7133446999996522
data_5410_features_corr_graph_subgraph271.gpickle,0.9925117672229354,43.606381300000066
data_5410_features_corr_graph_subgraph272.gpickle,1.0,1.714360999998462
data_5410_features_corr_graph_subgraph273.gpickle,1.0,1.722244700000374
data_5410_features_corr_graph_subgraph274.gpickle,0.9914420196833548,43.23010130000148
data_5410_features_corr_graph_subgraph275.gpickle,0.9927257167308515,47.260502299999644
data_5410_features_corr_graph_subgraph276.gpickle,0.9931536157466838,47.262309699999605
data_5410_features_corr_graph_subgraph277.gpickle,1.0,1.7426616000011563
data_5410_features_corr_graph_subgraph278.gpickle,0.993581514762516,55.3623862000004
data_5410_features_corr_graph_subgraph279.gpickle,0.9937954642704322,50.35586059999878
data_5410_features_corr_graph_subgraph280.gpickle,1.0,1.7198235000014392
data_5410_features_corr_graph_subgraph281.gpickle,0.9927257167308515,48.079169299999194
data_5410_features_corr_graph_subgraph282.gpickle,0.9905862216516902,45.542237300000124
data_5410_features_corr_graph_subgraph283.gpickle,0.9895164741121095,49.89801249999982
data_5410_features_corr_graph_subgraph284.gpickle,0.9916559691912709,53.751510699999926
data_5410_features_corr_graph_subgraph285.gpickle,0.9914420196833548,49.53554509999958
data_5410_features_corr_graph_subgraph286.gpickle,1.0,1.7354248000010557
data_5410_features_corr_graph_subgraph287.gpickle,1.0,1.707630099999733
data_5410_features_corr_graph_subgraph288.gpickle,0.9927257167308515,49.80968390000089
data_5410_features_corr_graph_subgraph289.gpickle,0.9937954642704322,51.812647599999764
data_5410_features_corr_graph_subgraph290.gpickle,0.9903722721437741,39.12770190000083
data_5410_features_corr_graph_subgraph291.gpickle,1.0,1.7315693000000465
data_5410_features_corr_graph_subgraph292.gpickle,0.9912280701754386,54.06162989999939
data_5410_features_corr_graph_subgraph293.gpickle,0.993581514762516,47.59855040000002
data_5410_features_corr_graph_subgraph294.gpickle,0.9912280701754386,42.9585087000014
data_5410_features_corr_graph_subgraph295.gpickle,0.9929396662387676,49.0045640999997
data_5410_features_corr_graph_subgraph296.gpickle,0.9937954642704322,46.49079659999916
data_5410_features_corr_graph_subgraph297.gpickle,0.9908001711596063,51.99718350000148
data_5410_features_corr_graph_subgraph298.gpickle,0.9929396662387676,44.40181870000015
data_5410_features_corr_graph_subgraph299.gpickle,1.0,1.8635439999998198
data_5410_features_corr_graph_subgraph300.gpickle,1.0,1.7202754999998433
data_5410_features_corr_graph_subgraph_clique1.gpickle,0.9914420196833548,0.5521505000015168
data_5410_features_corr_graph_subgraph_clique10.gpickle,0.9908001711596063,0.6708600999991177
data_5410_features_corr_graph_subgraph_clique100.gpickle,0.9920838682071031,1.573631999999634
data_5410_features_corr_graph_subgraph_clique101.gpickle,0.9931536157466838,1.5202362999989418
data_5410_features_corr_graph_subgraph_clique102.gpickle,0.9925117672229354,1.6549243000008573
data_5410_features_corr_graph_subgraph_clique103.gpickle,0.9929396662387676,1.271481900001163
data_5410_features_corr_graph_subgraph_clique104.gpickle,0.991869918699187,1.4151612000005116
data_5410_features_corr_graph_subgraph_clique105.gpickle,0.9916559691912709,1.3683012000001327
data_5410_features_corr_graph_subgraph_clique106.gpickle,0.9905862216516902,1.3964028999998845
data_5410_features_corr_graph_subgraph_clique107.gpickle,0.9912280701754386,1.385339299999032
data_5410_features_corr_graph_subgraph_clique108.gpickle,0.9912280701754386,1.4187419999998383
data_5410_features_corr_graph_subgraph_clique109.gpickle,0.9922978177150192,1.3585418000002392
data_5410_features_corr_graph_subgraph_clique11.gpickle,0.9914420196833548,0.6805815999996412
data_5410_features_corr_graph_subgraph_clique110.gpickle,0.9901583226358579,1.413467500000479
data_5410_features_corr_graph_subgraph_clique111.gpickle,0.9908001711596063,1.3561636000013095
data_5410_features_corr_graph_subgraph_clique112.gpickle,0.9916559691912709,1.46110520000002
data_5410_features_corr_graph_subgraph_clique113.gpickle,0.9914420196833548,1.4223609999990003
data_5410_features_corr_graph_subgraph_clique114.gpickle,0.9927257167308515,1.4320705999998609
data_5410_features_corr_graph_subgraph_clique115.gpickle,0.9920838682071031,1.4003630999995949
data_5410_features_corr_graph_subgraph_clique116.gpickle,0.9916559691912709,1.4889775999999983
data_5410_features_corr_graph_subgraph_clique117.gpickle,0.9912280701754386,1.3948008000006666
data_5410_features_corr_graph_subgraph_clique118.gpickle,0.9903722721437741,1.4479761999991752
data_5410_features_corr_graph_subgraph_clique119.gpickle,0.9905862216516902,1.3864684000000125
data_5410_features_corr_graph_subgraph_clique12.gpickle,0.9899443731279418,0.4227625999992597
data_5410_features_corr_graph_subgraph_clique120.gpickle,0.9922978177150192,1.3379069000002346
data_5410_features_corr_graph_subgraph_clique121.gpickle,0.9929396662387676,1.528655300000537
data_5410_features_corr_graph_subgraph_clique122.gpickle,0.9927257167308515,1.5981344000010722
data_5410_features_corr_graph_subgraph_clique123.gpickle,0.9933675652545999,1.3049013999989256
data_5410_features_corr_graph_subgraph_clique124.gpickle,0.9912280701754386,1.3392951000005269
data_5410_features_corr_graph_subgraph_clique125.gpickle,0.991869918699187,1.2633070000010775
data_5410_features_corr_graph_subgraph_clique126.gpickle,0.9905862216516902,1.2795048000007228
data_5410_features_corr_graph_subgraph_clique127.gpickle,0.9912280701754386,1.3651552999999694
data_5410_features_corr_graph_subgraph_clique128.gpickle,0.9927257167308515,1.2878962000013416
data_5410_features_corr_graph_subgraph_clique129.gpickle,0.9905862216516902,1.303348499999629
data_5410_features_corr_graph_subgraph_clique13.gpickle,0.9901583226358579,0.5253022000015335
data_5410_features_corr_graph_subgraph_clique130.gpickle,0.993581514762516,1.323473099999319
data_5410_features_corr_graph_subgraph_clique131.gpickle,0.9931536157466838,1.351773399999729
data_5410_features_corr_graph_subgraph_clique132.gpickle,0.991869918699187,1.2100119999995513
data_5410_features_corr_graph_subgraph_clique133.gpickle,0.993581514762516,1.2879298999996536
data_5410_features_corr_graph_subgraph_clique134.gpickle,0.9920838682071031,1.259316099998614
data_5410_features_corr_graph_subgraph_clique135.gpickle,0.9931536157466838,1.3295465999999578
data_5410_features_corr_graph_subgraph_clique136.gpickle,0.9916559691912709,1.2744929000000411
data_5410_features_corr_graph_subgraph_clique137.gpickle,0.9927257167308515,1.3106528999996954
data_5410_features_corr_graph_subgraph_clique138.gpickle,0.9931536157466838,1.4626277999996091
data_5410_features_corr_graph_subgraph_clique139.gpickle,0.9925117672229354,1.4731960000008257
data_5410_features_corr_graph_subgraph_clique14.gpickle,0.9912280701754386,0.5147101999991719
data_5410_features_corr_graph_subgraph_clique140.gpickle,0.9903722721437741,1.4018255000009958
data_5410_features_corr_graph_subgraph_clique141.gpickle,0.9920838682071031,1.3816934999995283
data_5410_features_corr_graph_subgraph_clique142.gpickle,0.9908001711596063,1.4326731000001018
data_5410_features_corr_graph_subgraph_clique143.gpickle,0.9920838682071031,1.3985095999996702
data_5410_features_corr_graph_subgraph_clique144.gpickle,0.9920838682071031,1.509642500001064
data_5410_features_corr_graph_subgraph_clique145.gpickle,0.9927257167308515,1.5746526000002632
data_5410_features_corr_graph_subgraph_clique146.gpickle,0.9927257167308515,1.4318231999986892
data_5410_features_corr_graph_subgraph_clique147.gpickle,0.9925117672229354,1.4739439000004495
data_5410_features_corr_graph_subgraph_clique148.gpickle,0.9916559691912709,1.4245346000006975
data_5410_features_corr_graph_subgraph_clique149.gpickle,0.9920838682071031,1.4107957000014721
data_5410_features_corr_graph_subgraph_clique15.gpickle,0.9903722721437741,0.43876749999981257
data_5410_features_corr_graph_subgraph_clique150.gpickle,0.9929396662387676,1.5008061000007729
data_5410_features_corr_graph_subgraph_clique151.gpickle,0.9925117672229354,1.5056944000007206
data_5410_features_corr_graph_subgraph_clique152.gpickle,0.9942233632862645,1.5264621000005718
data_5410_features_corr_graph_subgraph_clique153.gpickle,0.9914420196833548,1.5457075999984227
data_5410_features_corr_graph_subgraph_clique154.gpickle,0.9914420196833548,1.9342851000001247
data_5410_features_corr_graph_subgraph_clique155.gpickle,0.9937954642704322,1.5825250999987475
data_5410_features_corr_graph_subgraph_clique156.gpickle,0.9933675652545999,1.3239763000001403
data_5410_features_corr_graph_subgraph_clique157.gpickle,0.9933675652545999,1.4319742999996379
data_5410_features_corr_graph_subgraph_clique158.gpickle,0.9931536157466838,1.456226100001004
data_5410_features_corr_graph_subgraph_clique159.gpickle,0.9933675652545999,1.370818600000348
data_5410_features_corr_graph_subgraph_clique16.gpickle,0.9916559691912709,0.455772799999977
data_5410_features_corr_graph_subgraph_clique160.gpickle,0.9931536157466838,1.4203730000008363
data_5410_features_corr_graph_subgraph_clique161.gpickle,0.9927257167308515,1.3716339000002336
data_5410_features_corr_graph_subgraph_clique162.gpickle,0.9927257167308515,1.3999440999996295
data_5410_features_corr_graph_subgraph_clique163.gpickle,0.9925117672229354,1.3980933000002551
data_5410_features_corr_graph_subgraph_clique164.gpickle,0.9903722721437741,1.3919435999996495
data_5410_features_corr_graph_subgraph_clique165.gpickle,0.9903722721437741,1.3963081999991118
data_5410_features_corr_graph_subgraph_clique166.gpickle,0.9920838682071031,1.4453261999988172
data_5410_features_corr_graph_subgraph_clique167.gpickle,0.9914420196833548,1.4242627999992692
data_5410_features_corr_graph_subgraph_clique168.gpickle,0.9920838682071031,1.355105700000422
data_5410_features_corr_graph_subgraph_clique169.gpickle,0.9933675652545999,1.3544161999998323
data_5410_features_corr_graph_subgraph_clique17.gpickle,0.9903722721437741,0.48697859999992943
data_5410_features_corr_graph_subgraph_clique170.gpickle,0.9922978177150192,1.3035459000002447
data_5410_features_corr_graph_subgraph_clique171.gpickle,0.9912280701754386,1.3811577999986184
data_5410_features_corr_graph_subgraph_clique172.gpickle,0.9929396662387676,1.2825773999993544
data_5410_features_corr_graph_subgraph_clique173.gpickle,0.9940094137783483,1.335468100000071
data_5410_features_corr_graph_subgraph_clique174.gpickle,0.991869918699187,1.4600921999990533
data_5410_features_corr_graph_subgraph_clique175.gpickle,0.9922978177150192,1.5193061000009038
data_5410_features_corr_graph_subgraph_clique176.gpickle,0.9905862216516902,1.3839034000011452
data_5410_features_corr_graph_subgraph_clique177.gpickle,0.991869918699187,1.614553800000067
data_5410_features_corr_graph_subgraph_clique178.gpickle,0.9914420196833548,1.3536181999988912
data_5410_features_corr_graph_subgraph_clique179.gpickle,0.9912280701754386,1.35141879999901
data_5410_features_corr_graph_subgraph_clique18.gpickle,0.9899443731279418,0.46424219999971683
data_5410_features_corr_graph_subgraph_clique180.gpickle,0.9908001711596063,1.3415586999999505
data_5410_features_corr_graph_subgraph_clique181.gpickle,0.991869918699187,1.3718712000008964
data_5410_features_corr_graph_subgraph_clique182.gpickle,0.9914420196833548,1.3350066999992123
data_5410_features_corr_graph_subgraph_clique183.gpickle,0.9914420196833548,1.327674099999058
data_5410_features_corr_graph_subgraph_clique184.gpickle,0.9927257167308515,1.5333998000005522
data_5410_features_corr_graph_subgraph_clique185.gpickle,0.9929396662387676,1.5334755999992922
data_5410_features_corr_graph_subgraph_clique186.gpickle,0.9920838682071031,1.4737703000009788
data_5410_features_corr_graph_subgraph_clique187.gpickle,0.991869918699187,1.4765372000001662
data_5410_features_corr_graph_subgraph_clique188.gpickle,0.9912280701754386,1.39753329999985
data_5410_features_corr_graph_subgraph_clique189.gpickle,0.9910141206675225,1.4336518999989494
data_5410_features_corr_graph_subgraph_clique19.gpickle,0.9929396662387676,0.6541035000009288
data_5410_features_corr_graph_subgraph_clique190.gpickle,0.9897304236200257,1.4232555999988108
data_5410_features_corr_graph_subgraph_clique191.gpickle,0.9910141206675225,1.4797832000003837
data_5410_features_corr_graph_subgraph_clique192.gpickle,0.9916559691912709,1.4056587000013678
data_5410_features_corr_graph_subgraph_clique193.gpickle,0.9922978177150192,1.408852200002002
data_5410_features_corr_graph_subgraph_clique194.gpickle,0.9929396662387676,1.454727799999091
data_5410_features_corr_graph_subgraph_clique195.gpickle,0.9925117672229354,1.596309200001997
data_5410_features_corr_graph_subgraph_clique196.gpickle,0.9922978177150192,1.4814637999988918
data_5410_features_corr_graph_subgraph_clique197.gpickle,0.9925117672229354,1.55215010000029
data_5410_features_corr_graph_subgraph_clique198.gpickle,0.9920838682071031,1.5462690999993356
data_5410_features_corr_graph_subgraph_clique199.gpickle,0.9931536157466838,1.6538784000003943
data_5410_features_corr_graph_subgraph_clique2.gpickle,0.9912280701754386,0.37883940000028815
data_5410_features_corr_graph_subgraph_clique20.gpickle,0.9908001711596063,0.5500432000008004
data_5410_features_corr_graph_subgraph_clique21.gpickle,0.9929396662387676,0.660108100000798
data_5410_features_corr_graph_subgraph_clique22.gpickle,0.9916559691912709,0.5384076999980607
data_5410_features_corr_graph_subgraph_clique23.gpickle,0.9901583226358579,0.5291340000003402
data_5410_features_corr_graph_subgraph_clique24.gpickle,0.9912280701754386,0.5766746000008425
data_5410_features_corr_graph_subgraph_clique25.gpickle,0.9929396662387676,0.6200752999975521
data_5410_features_corr_graph_subgraph_clique26.gpickle,0.9931536157466838,0.799501199999213
data_5410_features_corr_graph_subgraph_clique27.gpickle,0.9888746255883611,0.5817594000000099
data_5410_features_corr_graph_subgraph_clique28.gpickle,0.9905862216516902,0.6817214999973658
data_5410_features_corr_graph_subgraph_clique29.gpickle,0.9914420196833548,0.6926620000012917
data_5410_features_corr_graph_subgraph_clique3.gpickle,0.9910141206675225,0.5274336000002222
data_5410_features_corr_graph_subgraph_clique30.gpickle,0.9910141206675225,0.6132602999969095
data_5410_features_corr_graph_subgraph_clique31.gpickle,0.9927257167308515,0.6507265000000189
data_5410_features_corr_graph_subgraph_clique32.gpickle,0.9929396662387676,0.7819506999985606
data_5410_features_corr_graph_subgraph_clique33.gpickle,0.9925117672229354,0.8121277999998711
data_5410_features_corr_graph_subgraph_clique34.gpickle,0.9912280701754386,0.8517812999998569
data_5410_features_corr_graph_subgraph_clique35.gpickle,0.9905862216516902,0.6919369999995979
data_5410_features_corr_graph_subgraph_clique36.gpickle,0.9920838682071031,1.3187642000011692
data_5410_features_corr_graph_subgraph_clique37.gpickle,0.9920838682071031,1.3570980000004056
data_5410_features_corr_graph_subgraph_clique38.gpickle,0.9920838682071031,1.4590181999992637
data_5410_features_corr_graph_subgraph_clique39.gpickle,0.9908001711596063,1.5416240999984439
data_5410_features_corr_graph_subgraph_clique4.gpickle,0.9914420196833548,0.3713616000022739
data_5410_features_corr_graph_subgraph_clique40.gpickle,0.9914420196833548,1.3126170999967144
data_5410_features_corr_graph_subgraph_clique41.gpickle,0.9925117672229354,1.326442199999292
data_5410_features_corr_graph_subgraph_clique42.gpickle,0.9905862216516902,1.3236050000014075
data_5410_features_corr_graph_subgraph_clique43.gpickle,0.991869918699187,1.422852600000624
data_5410_features_corr_graph_subgraph_clique44.gpickle,0.9920838682071031,1.4991611000004923
data_5410_features_corr_graph_subgraph_clique45.gpickle,0.9914420196833548,1.260750299999927
data_5410_features_corr_graph_subgraph_clique46.gpickle,0.9920838682071031,1.3563590000012482
data_5410_features_corr_graph_subgraph_clique47.gpickle,0.9925117672229354,1.4373809000026085
data_5410_features_corr_graph_subgraph_clique48.gpickle,0.9916559691912709,1.4672608000000764
data_5410_features_corr_graph_subgraph_clique49.gpickle,0.9920838682071031,1.4945827000010468
data_5410_features_corr_graph_subgraph_clique5.gpickle,0.991869918699187,0.45171490000211634
data_5410_features_corr_graph_subgraph_clique50.gpickle,0.991869918699187,1.356317099998705
data_5410_features_corr_graph_subgraph_clique51.gpickle,0.9927257167308515,1.3472747999985586
data_5410_features_corr_graph_subgraph_clique52.gpickle,0.9925117672229354,1.3133723999999347
data_5410_features_corr_graph_subgraph_clique53.gpickle,0.9925117672229354,1.3964515999978175
data_5410_features_corr_graph_subgraph_clique54.gpickle,0.9929396662387676,1.4430587999995623
data_5410_features_corr_graph_subgraph_clique55.gpickle,0.9937954642704322,1.2980208000008133
data_5410_features_corr_graph_subgraph_clique56.gpickle,0.9922978177150192,1.295495700000174
data_5410_features_corr_graph_subgraph_clique57.gpickle,0.9937954642704322,1.4159411000000546
data_5410_features_corr_graph_subgraph_clique58.gpickle,0.9922978177150192,1.2924057000018365
data_5410_features_corr_graph_subgraph_clique59.gpickle,0.9925117672229354,1.257002599999396
data_5410_features_corr_graph_subgraph_clique6.gpickle,0.9910141206675225,0.4645152000011876
data_5410_features_corr_graph_subgraph_clique60.gpickle,0.993581514762516,1.477073100002599
data_5410_features_corr_graph_subgraph_clique61.gpickle,0.9933675652545999,1.4148060000006808
data_5410_features_corr_graph_subgraph_clique62.gpickle,0.9925117672229354,1.4614873999998963
data_5410_features_corr_graph_subgraph_clique63.gpickle,0.9933675652545999,1.3533889999998792
data_5410_features_corr_graph_subgraph_clique64.gpickle,0.9925117672229354,1.3373456000008446
data_5410_features_corr_graph_subgraph_clique65.gpickle,0.991869918699187,1.2907923999991908
data_5410_features_corr_graph_subgraph_clique66.gpickle,0.9927257167308515,1.5638415000030363
data_5410_features_corr_graph_subgraph_clique67.gpickle,0.9927257167308515,1.5096303999998781
data_5410_features_corr_graph_subgraph_clique68.gpickle,0.9910141206675225,1.48022359999959
data_5410_features_corr_graph_subgraph_clique69.gpickle,0.9931536157466838,1.3786337000019557
data_5410_features_corr_graph_subgraph_clique7.gpickle,0.9908001711596063,0.4073023999990255
data_5410_features_corr_graph_subgraph_clique70.gpickle,0.9933675652545999,1.375182899999345
data_5410_features_corr_graph_subgraph_clique71.gpickle,0.9931536157466838,1.4952737999992678
data_5410_features_corr_graph_subgraph_clique72.gpickle,0.991869918699187,1.5796034000013606
data_5410_features_corr_graph_subgraph_clique73.gpickle,0.991869918699187,1.3731508999990183
data_5410_features_corr_graph_subgraph_clique74.gpickle,0.9946512623020967,1.359648499998002
data_5410_features_corr_graph_subgraph_clique75.gpickle,0.993581514762516,1.4418984999974782
data_5410_features_corr_graph_subgraph_clique76.gpickle,0.9927257167308515,1.5279406000008748
data_5410_features_corr_graph_subgraph_clique77.gpickle,0.9927257167308515,1.615055800000846
data_5410_features_corr_graph_subgraph_clique78.gpickle,0.993581514762516,1.4410089000011794
data_5410_features_corr_graph_subgraph_clique79.gpickle,0.9925117672229354,1.440643199999613
data_5410_features_corr_graph_subgraph_clique8.gpickle,0.9910141206675225,0.4133275999993202
data_5410_features_corr_graph_subgraph_clique80.gpickle,0.9920838682071031,1.5218065999979444
data_5410_features_corr_graph_subgraph_clique81.gpickle,0.9933675652545999,1.6508949999988545
data_5410_features_corr_graph_subgraph_clique82.gpickle,0.9927257167308515,1.536562999997841
data_5410_features_corr_graph_subgraph_clique83.gpickle,0.9920838682071031,1.515721100000519
data_5410_features_corr_graph_subgraph_clique84.gpickle,0.9922978177150192,1.337264800000412
data_5410_features_corr_graph_subgraph_clique85.gpickle,0.9940094137783483,1.4434216000008746
data_5410_features_corr_graph_subgraph_clique86.gpickle,0.9929396662387676,1.3060313000023598
data_5410_features_corr_graph_subgraph_clique87.gpickle,0.9929396662387676,1.3876804999999877
data_5410_features_corr_graph_subgraph_clique88.gpickle,0.9925117672229354,1.5079181999972207
data_5410_features_corr_graph_subgraph_clique89.gpickle,0.9927257167308515,1.516775800002506
data_5410_features_corr_graph_subgraph_clique9.gpickle,0.9908001711596063,0.4004927000023599
data_5410_features_corr_graph_subgraph_clique90.gpickle,0.993581514762516,1.4305683999991743
data_5410_features_corr_graph_subgraph_clique91.gpickle,0.9920838682071031,1.5194684999987658
data_5410_features_corr_graph_subgraph_clique92.gpickle,0.9933675652545999,1.4395718999985547
data_5410_features_corr_graph_subgraph_clique93.gpickle,0.9942233632862645,1.3571761999992304
data_5410_features_corr_graph_subgraph_clique94.gpickle,0.9903722721437741,1.3489172000008693
data_5410_features_corr_graph_subgraph_clique95.gpickle,0.9927257167308515,1.472912900000665
data_5410_features_corr_graph_subgraph_clique96.gpickle,0.9920838682071031,1.5316509000003862
data_5410_features_corr_graph_subgraph_clique97.gpickle,0.9933675652545999,1.5093443000005209
data_5410_features_corr_graph_subgraph_clique98.gpickle,0.9927257167308515,1.4693200000001525
data_5410_features_corr_graph_subgraph_clique99.gpickle,0.993581514762516,1.4310067000005802
data_5410_features_corr_graph_subgraph_tree13.gpickle,1.0,7.443896000000677
data_5410_features_corr_graph_subgraph_tree14.gpickle,1.0,7.606827499999781
data_5410_features_corr_graph_subgraph_tree15.gpickle,1.0,7.757311099998333
data_5410_features_corr_graph_subgraph_tree16.gpickle,1.0,7.433578799998941
data_5410_features_corr_graph_subgraph_tree17.gpickle,1.0,7.724906100000226
data_5410_features_corr_graph_subgraph_tree18.gpickle,1.0,7.404835099998309
data_5410_features_corr_graph_subgraph_tree19.gpickle,1.0,7.463068299999577
data_5410_features_corr_graph_subgraph_tree20.gpickle,1.0,7.441693799999484
data_5410_features_corr_graph_subgraph_tree21.gpickle,1.0,7.430348000001686
data_5410_features_corr_graph_subgraph_tree22.gpickle,1.0,7.527748200001952
data_5410_features_corr_graph_subgraph_tree23.gpickle,1.0,7.405996999998024
data_5410_features_corr_graph_subgraph_tree24.gpickle,1.0,7.691066700001102
data_5410_features_corr_graph_subgraph_tree25.gpickle,1.0,7.510914799997408
data_5410_features_corr_graph_subgraph_tree26.gpickle,1.0,7.423195899998973
data_5410_features_corr_graph_subgraph_tree27.gpickle,1.0,7.455307399999583
data_5410_features_corr_graph_subgraph_tree28.gpickle,1.0,7.414556299998367
data_5410_features_corr_graph_subgraph_tree29.gpickle,1.0,7.417010299999674
data_5410_features_corr_graph_subgraph_tree30.gpickle,1.0,7.585493299997324
data_5410_features_corr_graph_subgraph_tree31.gpickle,1.0,7.447744400000374
data_5410_features_corr_graph_subgraph_tree32.gpickle,1.0,7.4745246000020416
data_5410_features_corr_graph_subgraph_tree33.gpickle,1.0,7.406264699999156
data_5410_features_corr_graph_subgraph_tree34.gpickle,1.0,7.453259599999001
data_5410_features_corr_graph_subgraph_tree35.gpickle,1.0,7.551238799998828
data_5410_features_corr_graph_subgraph_tree36.gpickle,1.0,7.547764599999937
data_5410_features_corr_graph_subgraph_tree37.gpickle,1.0,7.4177184000000125
data_5410_features_corr_graph_subgraph_tree38.gpickle,1.0,7.452257000000827
data_5410_features_corr_graph_subgraph_tree39.gpickle,1.0,7.45715040000141
data_5410_features_corr_graph_subgraph_tree40.gpickle,1.0,7.398009000000457
data_5410_features_corr_graph_subgraph_tree41.gpickle,1.0,7.437213199998951
data_5410_features_corr_graph_subgraph_tree42.gpickle,1.0,7.385031200003141
data_5410_features_corr_graph_subgraph_tree43.gpickle,1.0,7.474371299998893
data_5410_features_corr_graph_subgraph_tree44.gpickle,1.0,7.42652950000047
data_5410_features_corr_graph_subgraph_tree45.gpickle,1.0,7.409150200001022
data_5410_features_corr_graph_subgraph_tree46.gpickle,1.0,7.880498299997271
data_5410_features_corr_graph_subgraph_tree47.gpickle,1.0,7.536748000002262
data_5410_features_corr_graph_subgraph_tree48.gpickle,1.0,7.472954900000332
data_5410_features_corr_graph_subgraph_tree49.gpickle,1.0,7.459901799997169
data_5410_features_corr_graph_subgraph_tree50.gpickle,1.0,7.452911700002005
data_5410_features_corr_graph_subgraph_tree51.gpickle,1.0,7.406047500000568
data_5410_features_corr_graph_subgraph_tree52.gpickle,1.0,7.432435999999143
data_5410_features_corr_graph_subgraph_tree53.gpickle,1.0,7.451672200000758
data_5410_features_corr_graph_subgraph_tree54.gpickle,1.0,7.445209100002103
data_5410_features_corr_graph_subgraph_tree55.gpickle,1.0,7.508508200000506
data_5410_features_corr_graph_subgraph_tree56.gpickle,1.0,7.519344100001035
data_5410_features_corr_graph_subgraph_tree57.gpickle,1.0,7.477349400000094
data_5410_features_corr_graph_subgraph_tree58.gpickle,1.0,7.500603700002102
data_5410_features_corr_graph_subgraph_tree59.gpickle,1.0,7.445344100000511
data_5410_features_corr_graph_subgraph_tree60.gpickle,1.0,7.4492744999988645
data_5410_features_corr_graph_subgraph_tree61.gpickle,1.0,7.586944000002404
data_5410_features_corr_graph_subgraph_tree62.gpickle,1.0,7.435747600000468
data_5410_features_corr_graph_subgraph_tree63.gpickle,1.0,7.416303500001959
data_5410_features_corr_graph_subgraph_tree64.gpickle,1.0,7.471383199997945
data_5410_features_corr_graph_subgraph_tree65.gpickle,1.0,7.578524900000048
data_5410_features_corr_graph_subgraph_tree66.gpickle,1.0,7.501869499999884
